transmittance,reflectance,mbe_jun_pct,mbe_nov_pct,cvrmse_jun_pct,cvrmse_nov_pct,combined_error,success
0.65,0.1,-17.624688469871682,-5.568993017018802,50.883091974933045,54.702728957438474,32.1948756048155,True
0.65,0.12000000000000001,-17.320491762566153,-4.732085311055066,51.074597222929036,54.34971658439634,31.86922272023665,True
0.65,0.14,-17.431052700208138,-4.953714292383223,51.32508886171975,54.77300596012756,32.12071545360967,True
0.65,0.16000000000000003,-16.973423660969328,-4.5592685630366,50.78146756605367,54.97024227655917,31.82110051665469,True
0.65,0.18000000000000002,-17.049164026500613,-4.3847456830254306,50.675350010896,56.225432202451266,32.083672980718326,True
0.65,0.2,-16.6392908639028,-4.102249269627551,50.43512775132742,55.35029842413291,31.631741577247674,True
0.65,0.22000000000000003,-16.413697776154052,-3.3058042768099756,50.79394299348876,56.014246318433344,31.63192284122153,True
0.65,0.24000000000000002,-16.47577970574795,-3.855143899134226,50.524960883758794,53.46462555740165,31.080127511510653,True
0.67,0.1,-14.753237270515553,-2.228268770881408,49.084320351068776,56.193135421026554,30.564740453373073,True
0.67,0.12000000000000001,-14.709189484456585,-2.2287393444998287,48.57905342863772,56.15628604066068,30.418317074563703,True
0.67,0.14,-14.541364292920493,-1.8020363946120723,48.830386839187,55.05747419055118,30.057815429317685,True
0.67,0.16000000000000003,-14.205508585372147,-1.8182036474069683,48.796963402804536,55.04998044423106,29.96766401995368,True
0.67,0.18000000000000002,-14.537818083364247,-1.9554681152147317,48.82393751794647,55.53847782593151,30.21392538561424,True
0.67,0.2,-14.166283250211118,-1.4697334032747882,48.432793014043234,57.83360756820991,30.475604308934763,True
0.67,0.22000000000000003,-14.112363187860057,-1.7014644150226805,48.348214583330815,53.58018724366673,29.43555735747007,True
0.67,0.24000000000000002,-13.92477460703013,-1.35826591221968,48.75564416669062,56.04610245635287,30.021196785573327,True
0.6900000000000001,0.1,-12.443049106726834,-0.31026149270855774,46.68049835047781,53.87787306333453,28.327920503311933,True
0.6900000000000001,0.12000000000000001,-12.015209605694523,0.14630535298737718,46.91769931007802,52.27196936130907,27.837795907517247,True
0.6900000000000001,0.14,-11.859882987025355,0.6194415973314273,46.54643587120273,55.516464444585964,28.635556225036368,True
0.6900000000000001,0.16000000000000003,-11.785198539896346,0.5629438274593173,46.637029774040904,53.89578698557807,28.220239781743658,True
0.6900000000000001,0.18000000000000002,-11.482829248464846,0.8577342503271508,46.40401159447274,54.76779876905265,28.378093465579347,True
0.6900000000000001,0.2,-11.70948470655973,0.27249777552481935,46.92334711676632,54.17613987847842,28.270367369332323,True
0.6900000000000001,0.22000000000000003,-11.154109439655098,1.135813685403314,46.540354038038544,53.595942962714204,28.10655503145279,True
0.6900000000000001,0.24000000000000002,-11.486800793420874,1.5335179255499896,46.46622377212243,56.69957483722084,29.046529332078535,True
0.7100000000000001,0.1,-9.599580175974733,2.5321450726130545,45.00580767441063,53.19060410990681,27.582034258226308,True
0.7100000000000001,0.12000000000000001,-9.483249235280956,2.395265790042452,45.11693092014508,55.34577852742712,28.085306118223905,True
0.7100000000000001,0.14,-9.40440005206413,2.9422471384357003,45.2387183188274,55.7860239481646,28.342847364372957,True
0.7100000000000001,0.16000000000000003,-9.125412894561599,3.4022361356115978,45.02520212920367,55.310899046927574,28.21593755157611,True
0.7100000000000001,0.18000000000000002,-9.032045985736918,3.352325253263221,45.03766490091758,54.44092079649548,27.9657392341033,True
0.7100000000000001,0.2,-8.910973596156861,3.2629199706345706,44.701791990633225,52.52664057645102,27.35058153346892,True
0.7100000000000001,0.22000000000000003,-8.821755106350897,3.4349778696102264,44.97217388106174,54.13715252410094,27.84151484528095,True
0.7100000000000001,0.24000000000000002,-8.29342468962659,4.351316936466106,45.024436797221064,55.86425747824591,28.383358975389918,True
0.7300000000000001,0.1,-6.980696983217928,4.7818478829067566,43.72420347012088,53.696393165353804,27.29578537539984,True
0.7300000000000001,0.12000000000000001,-6.82294692616878,5.134073813375379,43.62914276208198,55.1539447578015,27.68502706485691,True
0.7300000000000001,0.14,-6.725443646656753,5.7371459044361774,43.53238696184212,57.14075347368701,28.283932496655517,True
0.7300000000000001,0.16000000000000003,-6.46587301727985,5.578398797114849,43.356831878975434,55.02169127490455,27.605698742068668,True
0.7300000000000001,0.18000000000000002,-6.578259353998172,5.343301375835723,43.62202574838892,53.860620134960776,27.351051653295897,True
0.7300000000000001,0.2,-5.801230851636331,6.3613498874674725,43.15596329968915,55.79912845561019,27.779418123600784,True
0.7300000000000001,0.22000000000000003,-6.129087116508179,6.36116349849664,43.338771387300156,55.40156234323539,27.80764608638509,True
0.7300000000000001,0.24000000000000002,-5.969850504101749,6.522836133038648,43.19256867745044,54.65164894965415,27.584226066061248,True
0.7500000000000001,0.1,-4.239561503683848,8.206369474391055,42.39312368689196,53.36547760203191,27.051133066749692,True
0.7500000000000001,0.12000000000000001,-4.0699418930737625,7.755048063808796,42.18957235194899,55.23355711651921,27.312029856337688,True
0.7500000000000001,0.14,-4.046726816015089,8.038377403898542,42.15080828105544,55.1203521532913,27.339066163565093,True
0.7500000000000001,0.16000000000000003,-3.6695889905563943,8.43156893476431,42.22759883738363,55.447721268217514,27.444119507730463,True
0.7500000000000001,0.18000000000000002,-3.5566247318653903,8.976369959373613,42.6082257622318,55.10598401811498,27.561801117896444,True
0.7500000000000001,0.2,-3.432153736997714,8.798386776160942,42.426024953611126,55.3257994265229,27.49559122332317,True
0.7500000000000001,0.22000000000000003,-3.3478341374356995,8.78939383208208,42.41666164745203,55.610804854180195,27.5411736177875,True
0.7500000000000001,0.24000000000000002,-3.524636482615095,8.532139074238877,42.2050744271859,54.85951560422511,27.280341397066245,True
0.7700000000000001,0.1,-1.4814899500890502,11.173794608479325,41.30024607694607,57.70466842565161,27.915049765291513,True
0.7700000000000001,0.12000000000000001,-1.3942114939598074,10.17182928140993,41.22768523737449,55.072571136747854,26.96657428737302,True
0.7700000000000001,0.14,-1.2627575767200696,10.617892785152431,41.159462957520105,55.36277217205366,27.100721372861564,True
0.7700000000000001,0.16000000000000003,-1.001075867516034,11.293873660571743,41.5704379265928,56.634157519452174,27.62488624353319,True
0.7700000000000001,0.18000000000000002,-1.1951056100185398,11.113892234852864,41.623127995779285,57.60498451115958,27.884277587952568,True
0.7700000000000001,0.2,-0.7184854513097637,12.079051580024405,41.4332044869094,58.09931045412418,28.08251299309194,True
0.7700000000000001,0.22000000000000003,-0.6045453175709354,11.924842238133156,41.49253250462744,57.03228074656406,27.7635502017239,True
0.7700000000000001,0.24000000000000002,-0.7532033883141924,11.699288255036855,41.52682753117785,57.78923562140899,27.942138698984472,True
0.7900000000000001,0.1,1.1273045793571368,12.985886236787954,41.01264421000446,55.01923368467039,27.536267177704985,True
0.7900000000000001,0.12000000000000001,0.8483902047373437,12.512554033949092,41.18275974575814,55.49929473820921,27.510749680663444,True
0.7900000000000001,0.14,1.6082521320536183,13.276024325798904,41.103182627569446,56.038226060621625,28.0064212865109,True
0.7900000000000001,0.16000000000000003,1.7565716629540706,13.637982251679833,40.81345520580884,55.91775536722051,28.03144112191581,True
0.7900000000000001,0.18000000000000002,1.8656003824065492,14.249244776336065,40.88235690193455,55.88543130685869,28.220658341883965,True
0.7900000000000001,0.2,1.5523223787273313,13.67492435799054,41.254519659770395,57.01147777222191,28.373311042177544,True
0.7900000000000001,0.22000000000000003,1.8416359031158602,13.576149617837059,41.173418623637026,57.50045902425985,28.522915792212448,True
0.7900000000000001,0.24000000000000002,2.239494035922225,14.368356038806745,40.89323180066832,56.65352028083028,28.538650539056892,True
0.8100000000000002,0.1,3.896766906878427,15.263599983886342,41.02644116679442,55.22721802736017,28.85350652122984,True
0.8100000000000002,0.12000000000000001,3.7782854339960523,16.119010561878945,40.77792034013737,57.54263414565467,29.554462620416757,True
0.8100000000000002,0.14,4.158296467236063,15.828670600323948,40.76129962825088,57.623366651129146,29.592908336735007,True
0.8100000000000002,0.16000000000000003,4.421706426461659,16.40965504712083,40.882634743088175,57.69153400266134,29.851382554833002,True
0.8100000000000002,0.18000000000000002,4.694265938453772,16.77010507559896,40.47118135198762,58.29094185228745,30.05662355458195,True
0.8100000000000002,0.2,4.725261689902104,16.648119434520993,40.88241248599451,56.40306352193952,29.664714283089282,True
0.8100000000000002,0.22000000000000003,4.538655853893697,16.776143412335518,40.59821864916595,56.4932775811647,29.601573874139966,True
0.8100000000000002,0.24000000000000002,5.059869778357007,17.122375431406223,40.638210543015454,58.469146259856785,30.322400503158867,True
0.8300000000000002,0.1,6.578222830063144,17.60337067198727,41.14244123181333,56.53516363993309,30.464799593449207,True
0.8300000000000002,0.12000000000000001,6.546861832933759,18.035355589920123,40.86215918116719,57.40454142566132,30.7122295074206,True
0.8300000000000002,0.14,6.817912248462821,18.299393275620012,41.34622210270105,56.7728672562842,30.80909872076702,True
0.8300000000000002,0.16000000000000003,6.973475366055112,18.567725097310714,40.66914232147701,58.70394813450015,31.228572729835747,True
0.8300000000000002,0.18000000000000002,7.346505639328127,19.383702860034337,40.88125793127792,58.43656741048569,31.512008460281514,True
0.8300000000000002,0.2,7.250760657410211,19.474738295852312,41.09958201883436,60.79843125201214,32.155878056027255,True
0.8300000000000002,0.22000000000000003,7.808340372831552,20.30695984212953,41.36582857511131,59.539764592949844,32.25522334575556,True
0.8300000000000002,0.24000000000000002,7.564941963073826,19.8597285950092,41.127956067933184,60.362359900190164,32.228746631551594,True
0.8500000000000002,0.1,9.213667472638114,21.09912196096993,41.32304950880846,59.531645645864586,32.791871147070275,True
0.8500000000000002,0.12000000000000001,9.309963659837745,20.473237632308365,41.15940807079056,57.58998627762733,32.133148910141,True
0.8500000000000002,0.14,9.692287201253473,21.369626422815056,41.450237757090036,58.665147866313234,32.79432481186795,True
0.8500000000000002,0.16000000000000003,9.608874674092725,20.85356094428538,41.54621651712965,59.388927629989226,32.84939494137424,True
0.8500000000000002,0.18000000000000002,10.119875019498723,21.75556851020204,41.838386872133995,61.02372011745757,33.68438762982308,True
0.8500000000000002,0.2,9.85593676237659,21.689850187193507,41.65341649828753,59.90706483964787,33.27656707187637,True
0.8500000000000002,0.22000000000000003,10.512794279725032,22.1903390935168,41.328451014447474,57.84363452484478,32.96880472813352,True
0.8500000000000002,0.24000000000000002,10.056329037668789,21.82868214978842,41.59671962300223,59.176457585074886,33.16454709888358,True
