tau,rho_floor,rho_hall,nmbe_jun,cvrmse_jun,r2_jun,gof_jun,nmbe_nov,cvrmse_nov,r2_nov,gof_nov,gof_combined,meets_ashrae_jun,meets_ashrae_nov,success
0.68,0.09,0.11,21.147054039180933,53.974551519839274,0.727503738742153,57.969389390469026,12.403663637551121,37.368228895006354,0.6829248284197371,39.37302886981259,48.67120913014081,False,False,True
0.68,0.09,0.13,20.96604763397614,53.62187850046036,0.7310531192594366,57.575003320089266,11.718094510331301,37.352083451954044,0.6831987623653508,39.14705451441776,48.36102891725351,False,False,True
0.68,0.09,0.15,21.14523780342043,53.69622981577138,0.7303067665259307,57.70967144414648,12.03044097555291,36.804895157968836,0.6924127162015177,38.72120630423774,48.21543887419211,False,False,True
0.68,0.09,0.17,20.90974400524519,53.78389961687889,0.7294253916527638,57.705504523948086,11.883255723831482,37.09986088527744,0.6874627623254518,38.95653275517358,48.33101863956084,False,False,True
0.68,0.09,0.19,21.12732615457056,53.86702961516927,0.728588328899327,57.86208421758695,11.876693619813821,36.894994320705166,0.6909049125215142,38.759469259315104,48.310776738451025,False,False,True
0.68,0.09,0.21,21.040573296722997,53.921415609127955,0.7280399992360043,57.88112633619944,11.562370359331315,37.29213635425557,0.6842148275066441,39.04346094022318,48.46229363821131,False,False,True
0.68,0.11,0.11,20.896034045100734,53.73305042317328,0.7299367713364231,57.653143423349356,12.04852643348913,37.07578112921922,0.6878683367905114,38.98436270558049,48.31875306446492,False,False,True
0.68,0.11,0.13,20.969388307428126,53.85388386465435,0.7287207837528014,57.79235289634245,12.001787114339459,37.04685867415245,0.6883551285749299,38.94242714008141,48.367390018211935,False,False,True
0.68,0.11,0.15,20.875211833396808,53.84435325763383,0.728816792680711,57.749362306626836,11.865386150960594,37.19111499596634,0.6859233827946485,39.038012541042605,48.39368742383472,False,False,True
0.68,0.11,0.17,20.81563203618211,53.676143865469186,0.730508495091828,57.57099058842288,11.626169999960064,37.137820455234234,0.686822875910643,38.9151067971448,48.243048692783844,False,False,True
0.68,0.11,0.19,20.832575375236516,53.790167129792586,0.7293623271047216,57.68343156068239,11.661007253079848,37.32922859630227,0.6835863301130416,39.10818837214749,48.395809966414944,False,False,True
0.68,0.11,0.21,20.995022471829223,53.67278877511048,0.7305421838044184,57.63296993466709,11.745665365008053,36.72136507526571,0.6938072935135742,38.55410883236304,48.093539383515065,False,False,True
0.68,0.13,0.11,20.767112854970865,53.642700042237855,0.7308442128914772,57.5222760689509,11.882054408277044,37.171438679859676,0.6862556253769185,39.024339462594675,48.273307765772785,False,False,True
0.68,0.13,0.13,20.77485661472746,53.68646721948366,0.7304048243159305,57.56588772763935,11.371474687881067,37.25428840175283,0.6848554857471787,38.9511545515418,48.25852113959057,False,False,True
0.68,0.13,0.15,20.440774060342296,53.66500452141428,0.7306203379657938,57.42610864815217,11.303163126398275,37.00860488392964,0.6889983918889715,38.69623149761215,48.06117007288216,False,False,True
0.68,0.13,0.17,20.536956604156906,53.40365192551737,0.733237747223699,57.21640171788889,11.416677708288155,36.606352511188774,0.6957223018110543,38.34534618527182,47.78087395158036,False,False,True
0.68,0.13,0.19,20.856559000539452,53.48923526477015,0.7323820492603907,57.41162201639067,11.868685234715654,37.20915951793015,0.6856185391633689,39.05620618072792,48.233914098559296,False,False,True
0.68,0.13,0.21,20.46450324174455,53.40403410412551,0.7332339290881372,57.19079254150945,10.87544954190798,36.57873006731342,0.6961813326611389,38.161222413281855,47.67600747739566,False,False,True
0.68,0.15,0.11,20.694465936956092,53.98249272220694,0.7274235488347428,57.81323759243173,11.55713846899551,36.39817343163584,0.6991732947948057,38.18893136434924,48.00108447839048,False,False,True
0.68,0.15,0.13,20.8805715221219,53.93160434387069,0.7279372129842769,57.83265698715787,11.876667183832865,36.68762518031816,0.6943696998220865,38.5621195575016,48.19738827232973,False,False,True
0.68,0.15,0.15,20.547965159647894,53.52994167234686,0.7319745687453526,57.33823791892249,11.692433291528431,36.820176646810815,0.6921572410842769,38.632090347005494,47.98516413296399,False,False,True
0.68,0.15,0.17,20.74711455034708,53.81552987761198,0.7291070487267879,57.676286445760105,11.64181674984366,36.95879000292065,0.6898350665715434,38.748987802482375,48.212637124121244,False,False,True
0.68,0.15,0.19,20.62716576941176,53.5645731893729,0.7316276552401328,57.39898490947796,11.068290459449765,37.05514749480255,0.6882156588592367,38.67287175212513,48.035928330801546,False,False,True
0.68,0.15,0.21,20.455861526778442,53.46558384192842,0.7326186630728314,57.245182560290715,10.973203583175893,37.09670127388377,0.6875159945556251,38.6856102741264,47.96539641720855,False,False,True
0.68,0.17,0.11,20.756408929085126,53.56162116113803,0.7316572352726485,57.4428043626064,11.957615903024085,36.649372281811736,0.6950067075199422,38.55075961294518,47.99678198777579,False,False,True
0.68,0.17,0.13,20.54835082382297,53.566996765384985,0.731603369207303,57.37297154620521,11.756877349772951,36.62988271102806,0.6953310027249355,38.47041034927073,47.92169094773797,False,False,True
0.68,0.17,0.15,20.46822636334801,53.689816760285716,0.730371182757533,57.45906990383948,10.930951910262756,36.48537301786674,0.6977301791723963,38.08763780962736,47.77335385673342,False,False,True
0.68,0.17,0.17,20.719019813165307,53.65078474773729,0.730763075691047,57.512472439170764,11.31962495931959,37.12222055429404,0.6870859234432275,38.80970456086083,48.161088500015794,False,False,True
0.68,0.17,0.19,20.723026882701454,53.352838304551284,0.7337451547376346,57.236083010045,11.408986324932979,36.5744373522222,0.6962526380590001,38.312588487260086,47.77433574865255,False,False,True
0.68,0.17,0.21,20.411241887227767,53.33046501963915,0.733968413581259,57.10304102751338,11.348924129777641,36.8025060994467,0.6924526467688303,38.512628241958,47.807834634735684,False,False,True
0.68,0.19,0.11,20.61393010491834,53.45470154099142,0.7327274967502728,57.291702987491384,11.52188826478778,37.309345497618956,0.6839233104879323,39.04793426862623,48.169818628058806,False,False,True
0.68,0.19,0.13,20.35819598006456,53.24603571185788,0.7348100744741793,57.00523188788167,11.560496626890762,37.01611142421332,0.6888722167538877,38.77934485302877,47.89228837045522,False,False,True
0.68,0.19,0.15,20.653636708604964,53.39225149230897,0.7333516300958429,57.24775304506723,11.840948958588132,36.953892156345546,0.6899172683750745,38.80461593345186,48.02618448925955,False,False,True
0.68,0.19,0.17,20.497483414506874,53.55649307777966,0.7317086160248345,57.34496296204441,11.169317544005128,36.81582627485704,0.6922299811692105,38.47283091610591,47.90889693907516,False,False,True
0.68,0.19,0.19,20.411654425458288,53.57027817544464,0.7315704852887328,57.32722163317224,11.092055590321637,36.535531804395546,0.6968985084014816,38.18217884627308,47.754700239722666,False,False,True
0.68,0.19,0.21,20.453505226056436,53.71820880046248,0.7300859392309116,57.48036040912063,10.590410957828407,37.35886026913643,0.6830837969535501,38.83093154773076,48.155645978425696,False,False,True
0.68,0.21,0.11,20.136125439318228,53.35659370787459,0.7337076710890478,57.029725931440005,10.73508265644601,36.781059588085796,0.6928109862767006,38.31564098462984,47.672683458034925,False,False,True
0.68,0.21,0.13,20.387595410810295,53.49042185336762,0.7323701756215364,57.24403267316272,11.103808463494971,37.09368764190802,0.6875667631419073,38.719971917208596,47.98200229518566,False,False,True
0.68,0.21,0.15,20.59914509121207,53.671885781860304,0.730551250467358,57.48909550401593,11.328209600242287,37.817773483630134,0.6752500300354842,39.47799797363311,48.483546738824515,False,False,True
0.68,0.21,0.17,19.796236898773614,53.315612130148004,0.7341165760814676,56.872185575769386,10.510356913790556,37.274892757808345,0.6845067932498161,38.728351792470825,47.800268684120105,False,False,True
0.68,0.21,0.19,20.27901500106791,53.574754429408166,0.7315256242605537,57.28431514459195,10.657603719099237,36.85885153618502,0.6915102025047234,38.368730153601476,47.82652264909672,False,False,True
0.68,0.21,0.21,20.198657926944676,53.34610555752711,0.7338123494161464,57.04202626313821,11.158608018762582,37.37706959621488,0.6827747812525684,39.00717708982135,48.024601676479776,False,False,True
0.7,0.09,0.11,18.337682410760227,51.38339572235083,0.7530391754732664,54.5575288311119,9.843830974367112,35.638705643411065,0.7115961509029112,36.97321122366313,45.76537002738752,False,False,True
0.7,0.09,0.13,18.68247300873514,51.28653845804077,0.7539693360852054,54.583365824491004,9.908233817498491,35.70071515552144,0.7105916620989635,37.050157354563275,45.81676158952714,False,False,True
0.7,0.09,0.15,18.622116038074534,51.71861409425914,0.7498063861220322,54.96906629702212,9.593188342297983,36.26074127583047,0.7014407278455592,37.50827402645338,46.238670161737744,False,False,True
0.7,0.09,0.17,18.333729994632964,51.49659664505888,0.7519498357182429,54.662831261653416,8.768842609770108,36.162991245485664,0.7030482427616037,37.210946461169094,45.936888861411255,False,False,True
0.7,0.09,0.19,18.49549939293485,51.209499731776596,0.754707917942987,54.44718872974877,9.2099534565037,35.61744174457238,0.7119402016000735,36.78893038807967,45.61805955891422,False,False,True
0.7,0.09,0.21,18.203771117771147,51.06829450331595,0.7560587911692149,54.215754042396284,8.558383695461256,36.517097832645675,0.6972042904447482,37.50659096209295,45.861172502244614,False,False,True
0.7,0.11,0.11,18.6900616487124,51.763811807369265,0.7493688987462277,55.034631072274955,9.61484925015525,36.37406776322916,0.6995716239870191,37.623372147472345,46.32900160987365,False,False,True
0.7,0.11,0.13,18.411063921562018,51.749731365235455,0.749505230157228,54.92724252224826,9.035394851995363,36.03500466714035,0.7051464422567496,37.150503650587176,46.038873086417716,False,False,True
0.7,0.11,0.15,18.332188169070378,51.21029745456494,0.7547002757434437,54.392680467607256,9.306017649534745,35.966401973724246,0.7062680457546657,37.15082819304258,45.77175433032492,False,False,True
0.7,0.11,0.17,18.327393949722666,51.22800643853456,0.7545305926836159,54.40773853648825,9.013089449431707,35.93831688347173,0.7067265996884926,37.05129419926227,45.72951636787526,False,False,True
0.7,0.11,0.19,18.473426129059426,51.54226921985913,0.751509646877335,54.752835445100494,8.879264537386689,36.60118879399999,0.6958081389980435,37.66282463994069,46.20783004252059,False,False,True
0.7,0.11,0.21,18.382816294835493,51.39787981286828,0.7528999278803798,54.586353461169416,9.36364994633271,36.230123823138605,0.7019447034857431,37.42058006708891,46.003466764129165,False,False,True
0.7,0.13,0.11,18.432778037177954,51.75122949848188,0.7494907265080348,54.935935968839296,9.860749508776408,36.3592849701152,0.6998157686940949,37.67269547580686,46.30431572232308,False,False,True
0.7,0.13,0.13,18.40501081708994,51.201833325834,0.7547813561887429,54.40930213762793,9.334857123839171,36.16929480184762,0.7029447106579279,37.35448358611657,45.88189286187225,False,False,True
0.7,0.13,0.15,18.354276933347496,51.59149234705692,0.7510348011631951,54.75912311517091,9.011705260668549,36.554316695234654,0.6965867465697368,37.6487569616936,46.20394003843225,False,False,True
0.7,0.13,0.17,18.24091308010699,51.41405735273526,0.7527443533552566,54.55397513899761,8.824911107835634,36.38824987865077,0.6993373064754417,37.44307392953106,45.998524534264334,False,False,True
0.7,0.13,0.19,18.258308018150963,51.518918946157186,0.7517347438134625,54.65862073878548,9.019026123865311,35.737280348711806,0.7099985260231909,36.857781253697134,45.75820099624131,False,False,True
0.7,0.13,0.21,17.971249215709882,51.04664987605618,0.7562655299160981,54.11770747123181,8.237558539644713,35.4502774229903,0.7146377744052708,36.394773526717394,45.256240498974606,False,False,True
0.7,0.15,0.11,18.367520575496748,51.51635061135295,0.7517594963671878,54.69278007564748,9.25888685050609,36.15989566277818,0.703099079230004,37.3264656785702,46.00962287710884,False,False,True
0.7,0.15,0.13,18.160580978099492,51.378256010348764,0.7530885783596926,54.49341145612971,9.041455934309981,36.62864958336938,0.6953515154547434,37.728051840949,46.11073164853936,False,False,True
0.7,0.15,0.15,18.38485049125936,51.44277328151331,0.7524680803392744,54.629311275899674,9.506096261695145,36.00220963059056,0.705682883594095,37.23607074358951,45.93269100974459,False,False,True
0.7,0.15,0.17,18.219993160433052,51.541152320267805,0.7515204161263795,54.666795527699215,8.844352557677546,36.80889851389129,0.6923457985624852,37.85653948752376,46.26166750761149,False,False,True
0.7,0.15,0.19,18.2144174428293,51.365622176871284,0.7532099937012957,54.499469212082566,8.637882660876619,36.15971524576621,0.7031020419511271,37.17711693391474,45.83829307299865,False,False,True
0.7,0.15,0.21,18.08558503611352,51.09959031475761,0.7557597141235988,54.205687122612545,8.619679501378714,36.116281350230054,0.703814862282529,37.130643049581884,45.66816508609722,False,False,True
0.7,0.17,0.11,18.136429350834966,51.34300016766795,0.7534273241325748,54.45212333614714,9.09722900380005,36.07700205647607,0.7044587611658959,37.206312003886644,45.82921767001689,False,False,True
0.7,0.17,0.13,18.198395852675294,51.22834681547324,0.7545273307021809,54.364741598365725,9.32032439827889,36.23560622727716,0.7018544921890085,37.41507190354497,45.88990675095535,False,False,True
0.7,0.17,0.15,18.025965168836535,51.32498690119186,0.7536003097452565,54.39843472633771,8.883332183603502,36.13701731425338,0.7034746585163936,37.21286889041067,45.80565180837419,False,False,True
0.7,0.17,0.17,17.921885032438066,51.004253916187636,0.756670221144107,54.06133443287235,8.604350741173706,35.975351881559455,0.7061218425839287,36.99000939009289,45.52567191148262,False,False,True
0.7,0.17,0.19,17.93923930623317,51.08335845414751,0.7559148560568604,54.14171975326629,9.04315017795596,36.55353817344212,0.6965996704231086,37.655540337888596,45.89863004557744,False,False,True
0.7,0.17,0.21,17.774888594084715,50.95965084650529,0.757095617407334,53.970664985062484,8.436381404164385,36.08779851397815,0.704281846473165,37.06078429798827,45.51572464152538,False,False,True
0.7,0.19,0.11,18.176737221605944,51.48961537526596,0.7520170862881947,54.60379352678841,9.68830121540753,35.7520363901337,0.709758991442842,37.04148061946109,45.82263707312475,False,False,True
0.7,0.19,0.13,18.167861852938945,51.323393957598405,0.7536156042339961,54.44411787910906,9.276164083870526,36.13924555340674,0.7034380893806136,37.310752998034204,45.87743543857163,False,False,True
0.7,0.19,0.15,17.5983812982693,51.1464260505913,0.7553117881902801,54.089369769557116,9.172059382687628,36.025229258389786,0.7053063935665792,37.17450492527226,45.63193734741469,False,False,True
0.7,0.19,0.17,17.992722931753157,51.23254198861209,0.754487124738936,54.300197394795326,9.204268407796762,36.00256970259372,0.7056769964063527,37.160511058284506,45.730354226539916,False,False,True
0.7,0.19,0.19,17.68854248363554,51.22663105898426,0.754543773328125,54.19457781779161,8.640597102432126,36.56014993121022,0.6964899031607092,37.56733263460595,45.88095522619878,False,False,True
0.7,0.19,0.21,17.67707773664435,51.30905897468075,0.7537532187831417,54.26876274777816,8.548225788918927,34.98443134115662,0.7220882908456487,36.013644642030336,45.14120369490425,False,False,True
0.7,0.21,0.11,18.134137584926176,51.02365192921246,0.7564850988675326,54.15034627906324,8.990330866907017,36.22467479975791,0.7020343519867525,37.32362674559745,45.73698651233035,False,False,True
0.7,0.21,0.13,17.98055419213198,51.67774315774258,0.750201663801063,54.716446037126765,9.137775701079885,36.526862150917545,0.69704233951561,37.6524979696617,46.184472003394234,False,False,True
0.7,0.21,0.15,17.671973460425473,51.04824751349142,0.7562502730713007,54.020572194161964,8.713982649701226,36.19489544493738,0.7025240501045633,37.22907398645906,45.624823090310514,False,False,True
0.7,0.21,0.17,17.961447802272936,51.190078823013465,0.7548939338911965,54.249772138324296,8.90807798761374,36.11354481663053,0.7038597445264443,37.19599404043653,45.72288308938042,False,False,True
0.7,0.21,0.19,17.767721472061908,50.9385189026858,0.757297030776403,53.94835154393551,8.707757958243779,35.20356724082181,0.7185958135064612,36.2645308137086,45.10644117882205,False,False,True
0.7,0.21,0.21,17.659243284117924,51.12252123039801,0.7555404595267567,54.08660694035224,8.50834751541161,35.52635348019952,0.7134116893919165,36.53099737268469,45.30880215651847,False,False,True
0.72,0.09,0.11,16.24984855929378,49.27876936419623,0.7728555287232249,51.88886863528272,7.2948368648837025,35.252746521756336,0.7178090226594526,35.99959419510822,43.944231415195475,False,False,True
0.72,0.09,0.13,15.759980436338793,49.525910857908116,0.7705714785103828,51.973000968380134,6.970196323387801,35.5528095230151,0.7129846928115382,36.229627403084926,44.101314185732534,False,False,True
0.72,0.09,0.15,16.138561069828157,49.65559613817855,0.7693683726260718,52.2123680869051,7.01654983944494,36.215397498543965,0.7021869531132678,36.88884638514681,44.550607236025954,False,False,True
0.72,0.09,0.17,16.223163639673384,49.47932094981558,0.7710029304858494,52.071049923488964,7.028677783158301,35.45695411049834,0.7145302743254618,36.146893451214424,44.1089716873517,False,False,True
0.72,0.09,0.19,16.0237345055673,49.369998859293176,0.7720137277931531,51.90526808399623,6.388390080790813,35.2600661299587,0.7176918265807763,35.83411490902778,43.869691496512004,False,False,True
0.72,0.09,0.21,15.688408085322084,49.40604577852848,0.771680683306923,51.837086219439946,6.022158936477168,35.721491200572075,0.7102547214968349,36.225561856908996,44.031324038174475,False,False,True
0.72,0.11,0.11,16.009681562294343,49.88045284773261,0.767274893128553,52.386729999313225,7.0969756139188265,35.77053318057713,0.7094585936812073,36.467768054644196,44.427249026978714,False,False,True
0.72,0.11,0.13,15.626554118080232,48.9356946204666,0.7760072417119864,51.370141148266804,6.924080788694649,34.72909536327305,0.7261301974461035,35.41261017659789,43.391375662432345,False,False,True
0.72,0.11,0.15,16.201681981245628,49.46203518820303,0.7711629042785221,52.04793390693289,7.099890664839857,34.78954202029818,0.7251760164876944,35.50662869711475,43.77728130202382,False,False,True
0.72,0.11,0.17,15.865991833796189,49.60968740996811,0.7697946331480954,52.08503414403062,6.758949052411949,35.62006258793012,0.7118978073489179,36.255651298261895,44.170342721146255,False,False,True
0.72,0.11,0.19,16.150841882807086,49.90272968269867,0.7670669745478005,52.451235669981415,6.8365275478945,35.735407861050874,0.7100289150147567,36.383478172225054,44.417356921103234,False,False,True
0.72,0.11,0.21,15.80165276119321,49.548440760207164,0.770362691723698,52.007116933676336,6.16275327342436,35.17728330257606,0.7190158646353169,35.71303387362657,43.86007540365145,False,False,True
0.72,0.13,0.11,15.862627132415378,49.16341246246365,0.773917731119871,51.65911405063357,6.98849030875597,35.9764595023493,0.7061037462734997,36.6489377079303,44.15402587928193,False,False,True
0.72,0.13,0.13,16.03284950055045,49.939159397758374,0.7667267614518365,52.44970833533795,7.306678690918966,35.02599681026896,0.7214275173310645,35.779994494763415,44.11485141505068,False,False,True
0.72,0.13,0.15,15.762715228490338,49.250006063702195,0.773120613181896,51.710988084247475,6.476832954881713,34.7781347866844,0.7253562124449827,35.37609396705958,43.543541025653525,False,False,True
0.72,0.13,0.17,16.000703556712278,49.32867833543639,0.7723951971121539,51.858856723135894,6.774577677972742,35.4444584483918,0.714731448101524,36.086071238286095,43.972463980711,False,False,True
0.72,0.13,0.19,15.61924604722121,49.49505087602329,0.7708573068391472,51.90106846977015,6.39443254865806,35.832061860944606,0.7084582169759333,36.3981513929746,44.149609931372375,False,False,True
0.72,0.13,0.21,15.574574786693345,49.27634962188286,0.7728778351891201,51.679067443640456,6.244322682595569,35.07229288801273,0.7206906168709748,35.62383042553013,43.65144893458529,False,False,True
0.72,0.15,0.11,15.995058059716891,49.619649322396484,0.7697021707248315,52.13397626511252,7.149652527389961,35.43814241822417,0.7148331059812418,36.15217101802813,44.143073641570325,False,False,True
0.72,0.15,0.13,15.676676985375448,49.22993041565596,0.7733055399570278,51.66569703424244,6.31097755249737,35.14889350843541,0.719469217598532,35.71096683843016,43.6883319363363,False,False,True
0.72,0.15,0.15,15.78529839218355,49.576682557654436,0.7701008381305501,52.02906013712635,6.589334020765597,35.61155656170406,0.712035387803739,36.216050082589994,44.12255510985817,False,False,True
0.72,0.15,0.17,15.787549931569963,49.41440876752325,0.7716033812881918,51.875143630506635,6.350079666272985,35.17637985905258,0.7190302972471423,35.744946660421434,43.81004514546403,False,False,True
0.72,0.15,0.19,15.6138512716425,49.53785149409596,0.7704608353053809,51.94026455635432,6.150960246094811,35.39192244854114,0.7155764750783734,35.92245100981542,43.93135778308487,False,False,True
0.72,0.15,0.21,15.522242851238977,48.87645963470197,0.7765491846677515,51.282046854191485,6.186691028068779,35.21427026594978,0.7184246755128306,35.753600884947815,43.51782386956965,False,False,True
0.72,0.17,0.11,15.250186304174623,48.810502387871594,0.7771518574604233,51.137396547619176,6.6469192975940645,34.821435491317274,0.7246718932390002,35.45016087163356,43.293778709626366,False,False,True
0.72,0.17,0.13,15.745707796871175,49.37676766604764,0.7719512080101381,51.8265617147356,6.617195233330977,34.83541308779955,0.7244508111660641,35.458331570360926,43.642446642548265,False,False,True
0.72,0.17,0.15,15.796158375704774,49.39675322631744,0.771766562255959,51.86094724098328,6.340651206498933,36.35070974655783,0.6999573470195055,36.89956580775675,44.38025652437001,False,False,True
0.72,0.17,0.17,15.309419007791963,49.15876485906347,0.7739604739240701,51.48749821874078,5.910148037777856,35.596792812323045,0.7122741055965212,36.08408940727067,43.785793813005725,False,False,True
0.72,0.17,0.19,15.567835379529853,49.168333260530936,0.7738724714110057,51.57404864874169,6.477334123870807,35.37871747621448,0.7157886762733023,35.96678339265363,43.77041602069766,False,False,True
0.72,0.17,0.21,15.651403275178172,49.21505501039261,0.773442516079676,51.64385795192134,6.1591304996927585,34.92121198405757,0.7230917957952747,35.460202127846536,43.55203003988394,False,False,True
0.72,0.19,0.11,15.728437169534585,48.95838890049674,0.7757994370351832,51.42283130602865,7.1201067793978865,35.47002711253544,0.7143197297716821,36.177600029770176,43.80021566789941,False,False,True
0.72,0.19,0.13,15.366720875415371,48.88952437794893,0.7764297112966217,51.24765072044756,6.616365365057122,35.730504611448914,0.7101084833280689,36.337931289944116,43.79279100519584,False,False,True
0.72,0.19,0.15,15.710072868076615,49.38384229120557,0.7718858543882982,51.82248806225866,6.5865881841089475,35.65662207750424,0.7113061029176556,36.25986544218009,44.04117675221937,False,False,True
0.72,0.19,0.17,15.494238424992057,49.72545259758359,0.768719002046323,52.08351044625384,5.95938326000807,35.83203104181196,0.708458718485506,36.324216404776585,44.20386342551521,False,False,True
0.72,0.19,0.19,15.135071537713642,49.24763190375497,0.7731424866805197,51.52086605036307,5.829511763391917,34.91994651031348,0.7231118646126371,35.40319013426162,43.462028092312345,False,False,True
0.72,0.19,0.21,15.37211866805109,49.32997754345544,0.7723832077425139,51.66961115377648,5.3955219072589236,35.72421781254003,0.7102104874478858,36.12937025426147,43.89949070401897,False,False,True
0.72,0.21,0.11,15.371365642818363,49.401410521123864,0.771723522969199,51.73759023381186,6.349833246876478,35.52057225639581,0.7135049551618209,36.08367270227593,43.910631468043896,False,False,True
0.72,0.21,0.13,15.28876436122753,49.20343579321557,0.773549479685149,51.524017793163495,6.502551706916537,35.35836063022133,0.7161156514738969,35.95131214793013,43.73766497054682,False,False,True
0.72,0.21,0.15,15.445111719197222,49.19492561593653,0.773627806224105,51.562507526069865,6.074834714274513,34.95544610748914,0.7225486098232297,35.47938597804833,43.520946752059096,False,False,True
0.72,0.21,0.17,15.437758098555168,49.58962260704662,0.7699808101416781,51.93702961682363,6.141844463641315,35.18606335937018,0.7188755829354807,35.718080969519825,43.82755529317173,False,False,True
0.72,0.21,0.19,15.28814625523897,48.92003210962733,0.7761506024058462,51.25326289641027,6.184736327184912,35.24983888995797,0.7178555707274656,35.78829564543126,43.52077927092077,False,False,True
0.72,0.21,0.21,15.067441530592813,48.76255252155745,0.777589480084901,51.03738162068546,5.686349266613815,34.806962620265864,0.7249007155163616,35.2683883219875,43.152884971336476,False,False,True
0.74,0.09,0.11,13.783228970533845,47.43312137930799,0.7895514815864726,49.395125312507595,5.111374392706904,35.20058200205097,0.7186435372535376,35.56975009000674,42.48243770125717,False,False,True
0.74,0.09,0.13,13.765815396555608,47.74700462396718,0.7867570281858195,49.69179131499679,4.715760788634496,34.89498170245307,0.723507626283404,35.212187489989276,42.451989402493034,False,False,True
0.74,0.09,0.15,13.556850338272142,47.563469965126956,0.7883932462539006,49.4577786219503,4.356863676563454,34.77517053809522,0.7254030279381143,35.047036209211235,42.25240741558076,False,False,True
0.74,0.09,0.17,13.174577865249116,47.156393187531904,0.7919998618225014,48.96217846853444,4.0110621336990775,35.06754638873146,0.7207662122750765,35.296195675543096,42.12918707203877,False,False,True
0.74,0.09,0.19,13.690985248906479,47.72826282126605,0.7869244009190824,49.653098080800774,4.161198209331196,34.84952634611599,0.7242274933229766,35.09708046385017,42.37508927232547,False,False,True
0.74,0.09,0.21,13.661118608433462,47.772114824482806,0.7865326797974335,49.687031672633225,3.9358681786873553,35.12700873610788,0.7198184428751866,35.3468216543808,42.51692666350701,False,False,True
0.74,0.11,0.11,13.463065031650881,47.21671766725694,0.7914673560509768,49.098600258214226,4.721747252196203,34.6904367378137,0.7267395733784261,35.010302743247976,42.054451500731105,False,False,True
0.74,0.11,0.13,13.508783368324925,47.56959977389236,0.7883387005061557,49.45052123831084,4.64022616313582,35.2671963146109,0.7175776400151511,35.57115172071822,42.51083647951453,False,False,True
0.74,0.11,0.15,13.449767212708167,47.67489631683438,0.7874006278770627,49.53576462412736,4.131625439605044,34.64980925692447,0.7273792529474711,34.89526630238606,42.21551546325671,False,False,True
0.74,0.11,0.17,13.075778042568139,47.487180956879676,0.7890715114421325,49.25452595092092,3.9351589832423546,35.08495759846581,0.7204888615335994,35.30495327726036,42.279739614090644,False,False,True
0.74,0.11,0.19,13.46911923586556,47.37852321130679,0.7900356787194049,49.2558791889283,4.217509878248482,35.371572065265,0.7159034685421681,35.62212093547153,42.43900006219991,False,False,True
0.74,0.11,0.21,13.334971241369193,47.262015047274595,0.7910670523496711,49.107224767206645,3.8056342112141346,35.28019467366991,0.7173694179767357,35.48485575511911,42.29604026116288,False,False,True
0.74,0.13,0.11,13.370342481551816,47.418073219660585,0.7896849900070395,49.26702473195517,4.77861248923445,35.22994933119467,0.7181738782821417,35.55255922153581,42.40979197674549,False,False,True
0.74,0.13,0.13,13.636223345350432,47.60279214655617,0.7880432180194089,49.51739499683429,4.568681840704741,34.84425678419946,0.7243108855858096,35.14249684647941,42.32994592165685,False,False,True
0.74,0.13,0.15,13.238210970930908,47.434764386942874,0.789536902132248,49.24740706022663,4.516740337221825,34.160755667786916,0.7350205798749001,34.458063948343394,41.85273550428501,False,False,True
0.74,0.13,0.17,13.175224899170967,47.59738231144455,0.7880913910795939,49.38721852914526,3.8935871157075788,34.658554456247096,0.7272416231200235,34.876574052281136,42.1318962907132,False,False,True
0.74,0.13,0.19,13.38538765311745,47.585235827025194,0.7881995321607291,49.432006547760444,4.420450061233733,35.1030237761347,0.7202009319851221,35.380258011661525,42.40613227971099,False,False,True
0.74,0.13,0.21,13.252500348915047,47.46170410856001,0.7892977767829003,49.277196778900645,4.164493174163467,35.027019784726,0.7214112450349626,35.27371710491029,42.27545694190547,False,False,True
0.74,0.15,0.11,13.287464725032514,47.441892107074885,0.7894736474798426,49.267533381714145,4.530441391582309,34.9456063247786,0.7227047901869069,35.238051884418475,42.252792633066306,False,False,True
0.74,0.15,0.13,13.25633003883249,47.17256131177313,0.7918572067818521,48.99980435482828,4.338502788965415,35.035896466910266,0.7212700250736522,35.303493420480585,42.15164888765443,False,False,True
0.74,0.15,0.15,13.366406903424366,47.53251727417612,0.788668569617121,49.3761180321799,4.046441863836777,34.771224537286066,0.725465342421721,35.0058816140913,42.1909998231356,False,False,True
0.74,0.15,0.17,13.054960767044419,47.40598369256841,0.7897922185261141,49.17071578174484,3.861760146091809,34.99161875439691,0.7219740873895855,35.20407042486713,42.187393103305986,False,False,True
0.74,0.15,0.19,13.125199765168782,47.50747718085354,0.78889116943699,49.28723219014136,3.674872229467115,34.9737619799915,0.7222577769934668,35.16630081393276,42.22676650203706,False,False,True
0.74,0.15,0.21,13.354540237592152,47.01957648205135,0.7932050689521775,48.87928311165114,3.775279179614962,35.21921878434432,0.7183455326786778,35.420983959561966,42.15013353560656,False,False,True
0.74,0.17,0.11,13.434924636158838,47.39171525939124,0.7899187377573995,49.25923137043944,5.029332133143958,34.699193708820594,0.7266015966975516,35.061777275941516,42.16050432319048,False,False,True
0.74,0.17,0.13,13.100240827350829,47.20598671473409,0.7915621317882515,48.9900142013272,4.109558478123228,34.57737969861464,0.7285177967427956,34.82073603052185,41.90537511592453,False,False,True
0.74,0.17,0.15,13.154952550628677,47.13855588214115,0.7921571876922358,48.939720343122474,3.812875906406733,34.96116964208358,0.722457743717087,35.16847175269639,42.05409604790943,False,False,True
0.74,0.17,0.17,13.03712977834543,47.243731161865135,0.7912286775847368,49.009559138519165,3.7033463493633256,34.86376619201656,0.7240020807732754,35.05990540881335,42.03473227366626,False,False,True
0.74,0.17,0.19,12.983110738255762,47.19533970747223,0.7916561448312283,48.948557226393476,3.710905330019548,34.72317487869429,0.7262235660591937,34.92090623143611,41.9347317289148,False,False,True
0.74,0.17,0.21,12.904750390625678,47.721776076567124,0.7869823151613367,49.43582197704786,3.2922826798200235,34.6656314640161,0.727130221461183,34.8216187165793,42.12872034681358,False,False,True
0.74,0.19,0.11,13.103110016007038,47.19622032073601,0.7916483698231405,48.98137099607399,4.380884872994296,35.312974542807986,0.7168439731722288,35.58368057595272,42.28252578601335,False,False,True
0.74,0.19,0.13,13.042621586312142,47.587424093392,0.788180051895939,49.34240478217576,4.165690305799352,35.11178958253288,0.7200611736149192,35.35803647562878,42.35022062890227,False,False,True
0.74,0.19,0.15,12.795842613918865,47.26707973816045,0.7910222706156281,48.96846347572895,3.5448148241705626,34.89441180894415,0.7235166573769688,35.074003016904705,42.021233246316825,False,False,True
0.74,0.19,0.17,12.979672155154,47.03610888487496,0.7930596223787513,48.79413313386245,3.7528800407272995,34.44001744074868,0.7306704952250878,34.64388704979802,41.719010091830235,False,False,True
0.74,0.19,0.19,13.0313821780272,47.6263252525487,0.7878335986195656,49.3769559463862,3.1234232716180683,35.00368455914182,0.7217823166249022,35.14276178176082,42.25985886407351,False,False,True
0.74,0.19,0.21,12.885005235715358,47.349314372915075,0.7902944847384294,49.07118229174384,3.17398289182231,35.64957737903453,0.7114201664733613,35.79059282411164,42.43088755792774,False,False,True
0.74,0.21,0.11,13.23992183579454,47.33077706891332,0.7904586524347579,49.14771600151038,4.118628785697805,34.93351541902552,0.7228966409279605,35.17546876170483,42.161592381607605,False,False,True
0.74,0.21,0.13,12.833586779386424,47.120087926472564,0.7923200132120678,48.836499012752206,3.5110481943686684,34.97020256877606,0.7223143078566565,35.14601722989977,41.991258121325984,False,False,True
0.74,0.21,0.15,12.667784706357146,47.07580098390114,0.7927102157690628,48.75042366628708,3.557367014105089,35.045381614919805,0.7211190854256742,35.22546852219857,41.98794609424282,False,False,True
0.74,0.21,0.17,12.86785097037091,46.87208570864914,0.7945003808171591,48.60631653679001,3.695712310017655,34.97860623636424,0.7221808308694105,35.17330214405573,41.88980934042287,False,False,True
0.74,0.21,0.19,12.82192508712566,47.38272817928,0.7899984072990989,49.08690958546278,3.159289879024378,34.62141856677488,0.7278258193466933,34.765266231046326,41.92608790825455,False,False,True
0.74,0.21,0.21,12.84968787387631,47.382604930256825,0.7899994997839979,49.09404982717195,3.157208490660282,34.482043607911464,0.7300127840107566,34.62628043598396,41.86016513157796,False,False,True
0.76,0.09,0.11,10.959749018298849,45.55265106129569,0.805907042733726,46.85253586793639,2.031254002689876,35.0060030577305,0.72174545943818,35.06488618121098,40.95871102457369,False,False,True
0.76,0.09,0.13,11.331195416229424,46.21670802736678,0.8002069030457597,47.58550294414936,2.047428076987895,35.17376388421537,0.7190720856486206,35.23330281868238,41.40940288141587,False,False,True
0.76,0.09,0.15,10.99496019890437,45.72000739016848,0.804478262925915,47.02348589303596,2.0030716488861446,34.53926423073241,0.7291159894368042,34.59729858863149,40.81039224083372,False,False,True
0.76,0.09,0.17,11.229124112536661,46.10077267313769,0.8012080142010936,47.448650870125604,2.312528299063304,35.13153439675862,0.719746242686392,35.207563054045686,41.32810696208564,False,False,True
0.76,0.09,0.19,10.685832406751956,45.62395218640734,0.8052989605841427,46.858638769524376,1.0362800646699522,34.49606387642848,0.7297931878145252,34.51162556790199,40.68513216871318,False,False,True
0.76,0.09,0.21,10.809954910734183,45.76115670241375,0.8041261542497706,47.02061875299997,1.2687770853938927,34.250395780614554,0.7336281077763014,34.27388811356482,40.6472534332824,False,False,True
0.76,0.11,0.11,10.75674908236609,45.61881259846669,0.8053428246819352,46.869859331077656,1.853299001526943,35.37279030631769,0.7158838989275106,35.42130730568514,41.1455833183814,False,False,True
0.76,0.11,0.13,10.775522077477447,45.31620073404713,0.8079167713802916,46.57971581075455,2.080745903812985,34.16453700088331,0.7349619142577566,34.227840890143206,40.403778350448874,False,False,True
0.76,0.11,0.15,10.716219452478674,45.394075487949856,0.807256023711159,46.64182081307903,1.7867896451563412,35.152965758361745,0.7194042108503227,35.19834681976685,40.92008381642294,False,False,True
0.76,0.11,0.17,10.709664528041122,45.51919126841185,0.8061920722486273,46.76209670270832,1.4946618928538076,34.66756248626131,0.7270998206136623,34.69976805272309,40.7309323777157,False,False,True
0.76,0.11,0.19,10.900839572081471,45.87043620775428,0.8031895277954079,47.147907920351166,1.3255224084146877,35.33095396525919,0.7165555648511684,35.35581024033353,41.25185908034235,False,False,True
0.76,0.11,0.21,11.071260714169952,45.57861557253419,0.8056857179637793,46.90397649784055,1.368204798074998,34.79193967342969,0.7251381341096672,34.81883183866234,40.86140416825145,False,False,True
0.76,0.13,0.11,11.0258450825516,45.38559839044169,0.807328004774841,46.70569345425556,2.1890511119339635,34.8415167374351,0.7243542425940748,34.91021674718777,40.807955100721664,False,False,True
0.76,0.13,0.13,11.058410977934534,45.68985353704295,0.8047360839484199,47.00905412357644,2.2076694541917177,34.65454309803187,0.7273047572152564,34.72479174526925,40.866922934422846,False,False,True
0.76,0.13,0.15,10.696616338007626,45.63488766257811,0.8052056147147162,46.871745999681465,1.9297181605792593,34.073656311330716,0.7363700883197577,34.12825613186172,40.50000106577159,False,False,True
0.76,0.13,0.17,10.960666031794428,45.81225073731153,0.8036885091823873,47.10518567502768,1.430965941265449,34.55208485864273,0.7289148532668814,34.58170371170151,40.84344469336459,False,False,True
0.76,0.13,0.19,10.865812232986837,45.52478041038492,0.8061444753341866,46.80354160633886,1.4922994946873218,34.55633665190248,0.7288481326090306,34.58854377653766,40.696042691438265,False,False,True
0.76,0.13,0.21,10.830596236485466,45.76076440625755,0.8041295125664288,47.024986697316365,1.8125042439054009,34.27651889753053,0.7332216238470004,34.32440705047857,40.67469687389747,False,False,True
0.76,0.15,0.11,10.70400371514033,46.25437931445233,0.7998810671804015,47.47676591027419,1.5990914112093295,35.53031584630649,0.7133477576328651,35.56628231175845,41.52152411101632,False,False,True
0.76,0.15,0.13,10.721247464803895,45.32577395245351,0.8078356061942218,46.57650621923543,1.6188280628762635,34.99268516639487,0.721957140777942,35.03011018326359,40.80330820124951,False,False,True
0.76,0.15,0.15,10.960269589960971,45.84057443651569,0.8034456926273764,47.1326402204922,1.99507941020494,34.602398686442015,0.7281247844728577,34.6598663688784,40.896253294685295,False,False,True
0.76,0.15,0.17,11.03862113784145,46.12070468356046,0.8010360786662576,47.42331238044213,1.571605362212695,35.141551624705535,0.7195863996247531,35.17667684711533,41.29999461377873,False,False,True
0.76,0.15,0.19,10.829331429391894,45.458659984229335,0.8067071799298555,46.73076274542701,1.3910622489891262,34.119825518636915,0.7356551764784949,34.148170486905876,40.43946661616644,False,False,True
0.76,0.15,0.21,10.713657954799999,45.72457864008628,0.804439163045703,46.96295943172538,1.2784840208138013,35.33454903565515,0.7164978786340019,35.35767069455502,41.1603150631402,False,False,True
0.76,0.17,0.11,10.807109801557235,45.519446352727115,0.8061899000878446,46.78475839973651,2.1322247232588,34.10540658231207,0.7358785519349011,34.17199350952899,40.47837595463275,False,False,True
0.76,0.17,0.13,10.685220963430954,45.41209660223331,0.8071029574505912,46.65225037281605,2.0826610800387266,34.688489275200375,0.7267702532762413,34.75095344548117,40.70160190914861,False,False,True
0.76,0.17,0.15,10.60983069317934,45.9529305587667,0.8024809951160429,47.161852532282545,1.1464215130756388,34.97907260245731,0.7221734225522607,34.99785425441997,41.07985339335126,False,False,True
0.76,0.17,0.17,10.630992398861302,45.59522126501213,0.8055441028239461,46.818182382382815,0.9999842857200831,34.742182724279125,0.7259237475929832,34.75657101928908,40.78737670083595,False,False,True
0.76,0.17,0.19,10.504417279857577,45.733824038142146,0.8043600712038108,46.924678406368635,1.210530717558353,34.79759336985193,0.7250487966468039,34.81864283615482,40.871660621261725,False,False,True
0.76,0.17,0.21,10.567783109198073,45.670064732089116,0.804905189448659,46.8767837258089,0.8766108700344608,34.613938410407954,0.7279434162320937,34.6250368793591,40.750910302584,False,False,True
0.76,0.19,0.11,10.714259314132503,45.69760778794825,0.8046697999152946,46.93683745408955,1.9396777008446144,35.205354867028696,0.718567233546521,35.25874871427764,41.09779308418359,False,False,True
0.76,0.19,0.13,10.610504068468817,45.622207825516604,0.8053138484826994,46.83981899475725,1.7187048144405348,34.693766194119405,0.7266871178664139,34.736311821657225,40.78806540820724,False,False,True
0.76,0.19,0.15,10.539531164896564,45.61005326672038,0.8054175702959561,46.811950142766925,0.9344874951739471,34.631301233178455,0.7276704132053855,34.64390699649484,40.72792856963088,False,False,True
0.76,0.19,0.17,10.002745192677796,45.33300594382539,0.8077742794043339,46.42344600837541,0.25222970911881,35.031130315037174,0.7213458546750635,35.032038350277006,40.727742179326206,False,False,True
0.76,0.19,0.19,10.267182695861264,45.379030823525376,0.8073837623152038,46.52603012285337,0.5784798573434846,34.036093434008265,0.7369510203783525,34.0410090213832,40.28351957211829,False,False,True
0.76,0.19,0.21,10.483868621890839,45.54328081908533,0.8059868848910634,46.7343763095982,0.7076030997913518,34.79807280813634,0.7250412200859798,34.80526645936204,40.76982138448012,False,False,True
0.76,0.21,0.11,10.516178416524037,45.69094665043135,0.8047267405980832,46.885526703885176,1.583285174270703,34.352833361851346,0.732032371637012,34.38929996278191,40.63741333333354,False,False,True
0.76,0.21,0.13,10.177024891118247,45.69090375338475,0.8047271072633765,46.810581297774,0.9257052612543037,34.41786903330867,0.7310167959491496,34.4303156974301,40.620448497602055,False,False,True
0.76,0.21,0.15,10.175931681855173,45.12715488246698,0.8095160579194249,46.26023879510295,0.9714978720166257,34.47128014547805,0.7301813090402387,34.48496720287496,40.37260299898895,False,False,True
0.76,0.21,0.17,10.327234693247059,45.33136144217589,0.8077882255247955,46.49283930467784,1.333146580725341,34.85423614382424,0.7241529488098883,34.87972271929873,40.686281011988285,False,False,True
0.76,0.21,0.19,10.508742543093993,45.26452033773879,0.8083546402519793,46.46838141406048,0.7945647765127586,35.179887777060834,0.7189742557881422,35.18885956081369,40.828620487437085,False,False,True
0.76,0.21,0.21,10.179178599537122,45.71423748547109,0.8045276098384525,46.83382523176304,0.6348680622191307,35.01456794055356,0.7216092822756142,35.020323035632714,40.92707413369788,False,False,True
0.78,0.09,0.11,8.565327032157919,44.58612558156395,0.8140561011336276,45.40140329926825,-0.24587916766566692,35.31163723254666,0.7168654191305502,35.31249326524633,40.35694828225729,False,False,True
0.78,0.09,0.13,8.67752046534161,43.98355785657543,0.819048087857331,44.831381008721344,-0.07207889302529107,34.76388219207578,0.725581272500849,34.76395691562374,39.79766896217254,False,False,True
0.78,0.09,0.15,8.606809236296774,43.699127083168015,0.8213808630338648,44.5386447151333,-0.6644287360642598,34.49013283389586,0.7298860952447811,34.496532122013214,39.517588418573254,False,False,True
0.78,0.09,0.17,8.418343563713007,44.37467946165619,0.8158155671689373,45.166145348938514,-0.8106498450479477,34.91998361462822,0.7231112761953565,34.929391761340185,40.04776855513935,False,False,True
0.78,0.09,0.19,8.184335446346452,44.2797897553595,0.8166024357406712,45.02980265865223,-1.5421199192110073,35.107407412065264,0.7201310454796077,35.14126049307228,40.085531575862255,False,False,True
0.78,0.09,0.21,8.646771374582748,44.27947737232502,0.8166050233810314,45.11583725888889,-1.0302091176940744,35.006261326836885,0.721741353581449,35.02141720303414,40.06862723096151,False,False,True
0.78,0.11,0.11,8.260281002503651,44.361931725913976,0.8159213751321547,45.124419427788496,-1.0253730065656683,35.42163481829779,0.7150987138424401,35.43647277881138,40.28044610329994,False,False,True
0.78,0.11,0.13,8.305210716108972,43.799257512890215,0.8205613637502756,44.57972054330804,-0.6971577171029637,34.45366515751806,0.7304569958500902,34.460717805479476,39.52021917439376,False,False,True
0.78,0.11,0.15,8.287398526135094,44.35525264447571,0.8159768002917206,45.12282583666781,-0.725460744413764,34.94129358830098,0.7227732295415166,34.94882388458199,40.0358248606249,False,False,True
0.78,0.11,0.17,8.268850193243587,44.077016125579895,0.8182782811195619,44.845927730987285,-1.0191600714287699,35.44817838528006,0.7146715664307741,35.4628261435243,40.15437693725579,False,False,True
0.78,0.11,0.19,8.390764525320705,44.237928396602456,0.8169490336940182,45.02665031003646,-1.024057795375348,34.526535497907375,0.7293156100672561,34.541718947622265,39.784184628829365,False,False,True
0.78,0.11,0.21,8.376143490833355,44.15107805455797,0.8176670796630391,44.93859669770186,-0.9207259209414297,35.289897681429075,0.7172139344898542,35.301906670705854,40.12025168420386,False,False,True
0.78,0.13,0.11,8.36600306907773,44.372849121480876,0.8158307611137051,45.15462043367793,-0.46295466340595254,35.22676355578784,0.7182248459474321,35.229805529349036,40.19221298151348,False,False,True
0.78,0.13,0.13,8.311276551729579,44.082944173777136,0.8182293972501751,44.85959523833983,-0.6847394554027197,34.490513974345866,0.7298801253110294,34.497310363799855,39.67845280106984,False,False,True
0.78,0.13,0.15,8.358555118375715,44.21926165407986,0.8171034823522141,45.002317105888025,-0.9171773437728712,34.801823295036925,0.7249819475578619,34.81390697607646,39.908112040982246,False,False,True
0.78,0.13,0.17,8.342799607145896,44.261905612695436,0.8167505505289894,45.04129875738658,-0.8749255586148743,34.56288222272815,0.7287454011266092,34.57395439164133,39.807626574513954,False,False,True
0.78,0.13,0.19,8.095443840558737,43.95538817610699,0.8192797983177127,44.69465695905817,-0.8806796981568327,34.39459005353559,0.731380533575323,34.40586318756608,39.550260073312124,False,False,True
0.78,0.13,0.21,8.25698621165154,44.203622942067256,0.8172328268991675,44.96818989579032,-1.0470622966596184,34.647523896523694,0.7274152136714473,34.663341610601634,39.815765753195976,False,False,True
0.78,0.15,0.11,8.04499010358273,44.01622511125644,0.81877919658719,44.74539014034346,-1.164398702087426,35.139226757155065,0.7196235011689551,35.15851364076965,39.95195189055656,False,False,True
0.78,0.15,0.13,7.794110657692381,44.21253268952305,0.8171591418317709,44.894278118335954,-1.4408055505579365,35.2533410164929,0.7177995049632826,35.28277162383447,40.08852487108521,False,False,True
0.78,0.15,0.15,7.780649797386896,44.148525172737905,0.8176881645814974,44.828905699308,-1.5529922657347006,34.71847223256411,0.7262977174874095,34.75318833057993,39.79104701494397,False,False,True
0.78,0.15,0.17,7.9687005341927355,44.1918655700256,0.8173300395586189,44.90457850556953,-1.5028823300758791,34.98521851660023,0.7220757842691095,35.017483775284624,39.96103114042708,False,False,True
0.78,0.15,0.19,7.980419286453717,44.04562019204794,0.8185370686494771,44.76274958142924,-1.8188752210437087,35.52649571146561,0.713409394650359,35.57302636277255,40.1678879721009,False,False,True
0.78,0.15,0.21,7.985001383903066,43.80631253608092,0.8205035524644811,44.52811769106947,-1.520802900204803,35.0877254970805,0.7204447577886681,35.12066801784591,39.824392854457685,False,False,True
0.78,0.17,0.11,7.927761300831983,44.327015821756035,0.8162110262821438,45.03036454332986,-1.3519102940887948,34.67305976135437,0.7270132655635675,34.69940539343166,39.864884968380764,False,False,True
0.78,0.17,0.13,8.101961109664886,44.20032903797108,0.8172600642643384,44.93674288249463,-0.8566636433994949,33.93016733396595,0.7385857787398924,33.94098006700532,39.43886147474997,False,False,True
0.78,0.17,0.15,8.105302180145651,43.58240665239172,0.8223337726598097,44.32969764216661,-0.7757731365611735,35.0150812488403,0.721601119883889,35.02367397664468,39.67668580940564,False,False,True
0.78,0.17,0.17,7.9533929528276985,44.21565040816595,0.8171333542816628,44.925273515909005,-1.663152482542942,35.45109318570851,0.7146246410500394,35.4900843087471,40.20767891232805,False,False,True
0.78,0.17,0.19,7.788319845448542,44.132718551670344,0.8178186884533424,44.814671400959256,-1.8681026752064172,35.20249384976588,0.7186129738203473,35.25202662043585,40.03334901069755,False,False,True
0.78,0.17,0.21,7.960080275060094,44.159449532936925,0.8175979288799784,44.87114731135593,-1.3430117995917885,34.89540225679234,0.7235009616707537,34.92123679592678,39.89619205364136,False,False,True
0.78,0.19,0.11,8.128573932837272,44.53829540879594,0.8144548331731423,45.27398228677013,-0.7271896015249907,35.187109562247734,0.7188588650921927,35.194622942463695,40.23430261461691,False,False,True
0.78,0.19,0.13,8.087834919555275,43.9485918783779,0.8193356792185126,44.686595325423944,-1.2619021191286006,34.8981400467096,0.7234575733773883,34.920947519762656,39.8037714225933,False,False,True
0.78,0.19,0.15,7.975210993215168,43.99320014116396,0.8189687408845387,44.71024098623053,-1.4591317576603153,34.91179753208949,0.7232410797081767,34.942276291160866,39.8262586386957,False,False,True
0.78,0.19,0.17,7.987828310246938,43.92994391059038,0.8194889632046416,44.6502561370212,-1.123862352585183,34.31478218991755,0.732625675548068,34.33318137500574,39.49171875601347,False,False,True
0.78,0.19,0.19,7.84111051465349,44.13449449967218,0.817804025814977,44.82562457841054,-1.6707239184219764,34.69307726687732,0.7266979723132654,34.733282722154364,39.77945365028245,False,False,True
0.78,0.19,0.21,7.851610208570527,44.00583023605631,0.8188647807187245,44.70079280764422,-1.7603732197862452,34.62619091810883,0.7277507790744371,34.670910160684606,39.68585148416442,False,False,True
0.78,0.21,0.11,8.13650392079943,44.33287612354481,0.8161624270237303,45.07334690744358,-0.33857987461837447,35.38304342308011,0.7157191679168364,35.38466331917077,40.229005113307174,False,False,True
0.78,0.21,0.13,7.839091684781067,43.62378644478625,0.8219962382147309,44.32252364456158,-1.698902158841689,34.823576971969565,0.7246380274356222,34.86499364216213,39.59375864336185,False,False,True
0.78,0.21,0.15,8.367027470267882,44.288429139592985,0.8165308637389384,45.07185490237745,-0.7926863299012666,34.6859145807212,0.7268108118031597,34.69497113298554,39.8834130176815,False,False,True
0.78,0.21,0.17,7.838317392733134,44.094036628780934,0.8181379089911559,44.78530211765349,-1.5471604215540493,34.91242564781334,0.7232311210004829,34.946690401011054,39.86599625933227,False,False,True
0.78,0.21,0.19,7.898783292174984,44.191610027527574,0.8173321521556971,44.891972270349385,-1.5146040647400354,34.75988627654098,0.7256443546979863,34.79286880139362,39.8424205358715,False,False,True
0.78,0.21,0.21,7.6239707376943135,43.90079373005604,0.8197284437519972,44.557879437178634,-2.2220617103441453,35.305362127493275,0.7169660398614474,35.37521947914972,39.96654945816418,False,False,True
0.8,0.09,0.11,6.022252699180749,42.828127477228435,0.828430282375701,43.24946278023022,-3.193149823751662,34.8736162016398,0.7238461041536555,35.019499036625284,39.13448090842775,False,False,True
0.8,0.09,0.13,6.290446245703044,43.33999287344299,0.8243047038920611,43.794117141919514,-2.510674981916203,34.902375146006804,0.7233904491294929,34.992560347842705,39.393338744881106,False,False,True
0.8,0.09,0.15,6.185802524683433,43.401805978085235,0.8238031802108601,43.84040276997618,-3.1074432087678723,34.97097394531918,0.7223020572789665,35.10876275205252,39.47458276101435,False,False,True
0.8,0.09,0.17,5.831403706212156,42.805669829777486,0.828610166122774,43.20104904699361,-3.5237200702137774,34.942164533045485,0.7227594090910898,35.119388738809924,39.16021889290177,False,False,True
0.8,0.09,0.19,6.048122931109228,43.2101234209614,0.825356077639259,43.63134832943541,-3.462124091143208,35.14151519007309,0.7195869810880461,35.311646705819484,39.47149751762745,False,False,True
0.8,0.09,0.21,5.826722716941592,42.84740808242409,0.8282757711802003,43.24177467451936,-3.4703275737401373,34.32254735970696,0.732504652373274,34.49754238679022,38.86965853065479,False,False,True
0.8,0.11,0.11,5.817168780861526,42.79525878748963,0.8286935256321132,43.18881368263359,-3.344340367128783,34.620349166111396,0.7278426331438271,34.78150642043379,38.98516005153369,False,False,True
0.8,0.11,0.13,5.606045615188777,43.04781786871865,0.8266656060603375,43.41131615947563,-3.203459495852394,35.07565252788159,0.720637103182159,35.221634729215126,39.31647544434538,False,False,True
0.8,0.11,0.15,5.937463656039294,42.91592355776108,0.8277261382030193,43.324703916846104,-3.3728674058968906,35.611373740886506,0.7120383444726284,35.77074467006331,39.547724293454706,False,False,True
0.8,0.11,0.17,5.919139036658763,43.13017519323626,0.8260017390792123,43.53444864856508,-2.9599054162985396,35.49454096525996,0.7139247177222688,35.61774106267761,39.57609485562135,False,False,True
0.8,0.11,0.19,5.819028595731435,43.041113842487384,0.8267195901132631,43.43269016075218,-3.3489672694435773,34.87921760933421,0.7237573852335512,35.039626179671124,39.23615817021165,False,False,True
0.8,0.11,0.21,5.907709655074415,42.64954528500377,0.8298581018546847,43.05676191245978,-3.3334048418976954,35.597379464104705,0.712264621803957,35.75311192821473,39.40493692033725,False,False,True
0.8,0.13,0.11,5.705248679838593,42.87766371190046,0.8280331679865732,43.25556505109632,-3.5038544424245073,35.45241649615224,0.7146033357978072,35.625143247015096,39.44035414905571,False,False,True
0.8,0.13,0.13,5.762918212395894,43.09714083902003,0.8262681752311167,43.48074027452951,-2.744282189952724,35.375966630796185,0.7158328718280598,35.48225048952359,39.48149538202655,False,False,True
0.8,0.13,0.15,5.72167923767724,42.39586290639355,0.8318761133426856,42.78021511021869,-3.546757671070682,35.10877163933894,0.7201092943844871,35.287467123619805,39.03384111691925,False,False,True
0.8,0.13,0.17,5.91146939286105,42.919988444811665,0.8276935019740399,43.32517603525114,-3.159699526858099,34.52087899084606,0.7294042956372417,34.66518119670895,38.995178615980045,False,False,True
0.8,0.13,0.19,5.507690190715626,42.81793837752363,0.8285119078454524,43.17071343096285,-3.5881229061108453,34.898075519934494,0.7234585960321458,35.08205098030057,39.126382205631714,False,False,True
0.8,0.13,0.21,5.5865600583181925,42.987588700660865,0.8271502988317536,43.34907652513928,-4.3654174840614335,36.11172589359947,0.7038895750384391,36.37462875170841,39.86185263842384,False,False,True
0.8,0.15,0.11,5.640580810424923,42.65544327610772,0.8298110408704944,43.02677065456083,-3.2666565062803374,34.804176649608024,0.7249447519851924,34.957141716495414,38.991956185528124,False,False,True
0.8,0.15,0.13,5.361614245059985,42.91375186390074,0.8277435730659286,43.24739305841769,-3.475924830126879,35.58542255662137,0.712457885889197,35.75478082659701,39.50108694250736,False,False,True
0.8,0.15,0.15,5.82181436493193,43.159211662742464,0.8257673789891061,43.55009843673299,-3.5106881267723176,35.51498854933236,0.7135950200774451,35.68808404471538,39.61909124072419,False,False,True
0.8,0.15,0.17,5.881745359882085,43.232906219162196,0.8251718649655353,43.63117129568455,-3.097236040071782,35.64785325861742,0.7114480789698401,35.78215076034195,39.70666102801325,False,False,True
0.8,0.15,0.19,5.509503643657061,42.667769038080046,0.8297126706969615,43.022007683119725,-4.045325196277085,35.06738245035466,0.720768823066627,35.29994288753278,39.16097528532625,False,False,True
0.8,0.15,0.21,5.674623081310917,43.07598932134733,0.8264386640359359,43.44815534781397,-3.888121868315021,35.79131219248157,0.7091209461098629,36.00188217472177,39.725018761267876,False,False,True
0.8,0.17,0.11,5.551456105329584,42.86184828290227,0.8281600045443611,43.219864681832746,-3.398926669150791,35.202782700172946,0.7186083560173664,35.36648996349313,39.29317732266294,False,False,True
0.8,0.17,0.13,5.242662190871037,42.66025366463668,0.8297726532174237,42.9811906486865,-4.0254981289479295,35.087254899732855,0.7204522565405201,35.31741909575204,39.14930487221927,False,False,True
0.8,0.17,0.15,5.387613647002594,42.95894755342016,0.827380549686928,43.29546807353944,-3.4643865074015423,35.24860124561993,0.7178753829215734,35.41843959924526,39.35695383639235,False,False,True
0.8,0.17,0.17,5.393002721284129,42.99246392736661,0.8271110908050193,43.329394559556185,-4.018796206384327,35.10048418950316,0.7202414155784078,35.3297992251019,39.32959689232904,False,False,True
0.8,0.17,0.19,5.546040900404127,43.13783515984155,0.8259399290254721,43.49288898137967,-4.378852275649457,35.38186296020994,0.7157381361760129,35.65179622104666,39.572342601213165,False,False,True
0.8,0.17,0.21,5.550528258103222,42.91607622842626,0.8277249124942532,43.27352496374771,-4.187185236294261,35.45970146725025,0.7144860337761569,35.7060631874973,39.489794075622505,False,False,True
0.8,0.19,0.11,5.506638742730846,42.9236969923538,0.8276637240328084,43.27547612371639,-3.39692581053687,35.03470897788238,0.7212889190202134,35.19900478887441,39.237240456295396,False,False,True
0.8,0.19,0.13,5.304486146716083,42.49819190780444,0.8310635476602602,42.82795685896395,-3.5894890041229246,34.08023638310522,0.7362682576725281,34.26874586615402,38.54835136255899,False,False,True
0.8,0.19,0.15,5.709377212146714,42.90815349524979,0.8277885140014332,43.28633299925621,-3.061039985872919,35.19931398265189,0.7186638073176503,35.332161986558724,39.30924749290747,False,False,True
0.8,0.19,0.17,5.4548796275649325,42.58741664892452,0.8303534405371518,42.9353440487009,-4.097561507654181,35.52459702756389,0.7134400270230248,35.76013149136634,39.34773777003362,False,False,True
0.8,0.19,0.19,5.488237247182198,42.689262459734174,0.8295410667293522,43.04060730795312,-3.9476935546906655,34.5946360589476,0.7282467545890642,34.81914887605359,38.92987809200335,False,False,True
0.8,0.19,0.21,5.213493591213809,42.430702763024776,0.8315996798209748,42.74979593389641,-4.385652816340551,35.432491242500255,0.7149240475276588,35.702876442596796,39.226336188246606,False,False,True
0.8,0.21,0.11,5.897774881567851,43.082345102256284,0.8263874429624558,43.48416042725855,-3.1632795002581635,35.04920295545464,0.7210582638853782,35.19166044689286,39.337910437075706,False,False,True
0.8,0.21,0.13,5.2326184297976415,42.98901656835183,0.8271388159544819,43.306302556855236,-3.5394496283163996,35.14819301827691,0.7194803990084984,35.32595612466051,39.31612934075787,False,False,True
0.8,0.21,0.15,5.504675292495357,42.91647960984325,0.82772167394583,43.26806758081415,-3.3375371264571836,34.716842270780326,0.7263234164170931,34.87690197429697,39.07248477755556,False,False,True
0.8,0.21,0.17,5.591401752902885,42.99257891441307,0.8271101659912355,43.354649292485355,-3.4439104984124147,35.337223860843565,0.7164549547910068,35.50464631160895,39.42964780204716,False,False,True
0.8,0.21,0.19,5.23654927071148,42.75813152420219,0.8289906324551243,43.07759579764825,-4.707917228834659,36.28230742993191,0.7010854846937193,36.58647724328827,39.832036520468264,False,False,True
0.8,0.21,0.21,5.2016217142657455,42.52124984858677,0.830880180638327,42.8382254201112,-4.041804826817457,34.80001150011337,0.7250105818818087,35.03394049584071,38.936082957975955,False,False,True
0.82,0.09,0.11,3.3932359264058034,41.73858640200616,0.837048660127287,41.8762897698684,-5.129703173302383,35.769304684983396,0.7094785499232077,36.135259958845786,39.00577486435709,False,False,True
0.82,0.09,0.13,3.4072542205516427,41.891024472549724,0.8358562216472004,42.02936250626729,-5.346905128416029,34.87071559035883,0.7238920404161151,35.27826810142436,38.653815303845825,False,False,True
0.82,0.09,0.15,3.5850857077523752,42.3969449999967,0.8318675309909414,42.5482524302077,-5.390780929015651,35.88882807065728,0.7075337470786445,36.291438374771495,39.4198454024896,False,False,True
0.82,0.09,0.17,3.1612720152913414,41.63681467714824,0.8378423439609836,41.75665189181062,-6.084838367220634,35.5892455856074,0.7123960998651884,36.10567350580621,38.931162698808414,False,False,True
0.82,0.09,0.19,3.5728445768508825,41.701251204105375,0.8373400499445025,41.85402693120738,-5.684512798787421,34.81698920454065,0.724742201056348,35.27798779733161,38.566007364269495,False,False,True
0.82,0.09,0.21,3.552667126327723,42.01474079082958,0.8348852618391744,42.164675825044455,-6.3375186752339525,35.52002667919762,0.7135137559188778,36.080970583534054,39.122823204289254,False,False,True
0.82,0.11,0.11,3.357018224471357,41.661268149243895,0.8376518163151256,41.79630169240619,-5.931742060925847,36.65985847211312,0.6948321519929794,37.136650186476444,39.46647593944132,False,False,True
0.82,0.11,0.13,3.2828488322035887,42.08360338572533,0.8343435687537072,42.21145307120016,-5.661172654410193,35.46834702761521,0.7143467923812119,35.91730107753619,39.064377074368174,False,False,True
0.82,0.11,0.15,3.381843267723076,42.01850282294525,0.8348556915147634,42.154376325232256,-6.067578039762781,36.111977232718935,0.7038854531422611,36.61817039292136,39.38627335907681,False,False,True
0.82,0.11,0.17,3.393949274083061,41.399686145350174,0.8396841136237796,41.53857128752201,-5.742438156054351,35.29703488584117,0.7170995388025461,35.7610999230784,38.649835605300204,False,False,True
0.82,0.11,0.19,3.2604564177794804,42.21680740082297,0.8332932298062864,42.34252476140766,-5.748003590741671,36.05114160669071,0.7048823046807478,36.506497454903084,39.42451110815537,False,False,True
0.82,0.11,0.21,3.123873267579819,41.70894920075064,0.8372799907718472,41.82576989874421,-6.0123636752066245,35.1845781282281,0.7188993153958317,35.69458019117652,38.76017504496036,False,False,True
0.82,0.13,0.11,3.1689515079352213,41.6044451027558,0.8380943773600112,41.72495783063017,-5.423103304361445,35.1905010174251,0.718804667772825,35.60591820620798,38.665438018419074,False,False,True
0.82,0.13,0.13,3.390651874959845,41.9849566207947,0.8351192779122308,42.12164648476103,-5.404721118951834,34.8758573641345,0.7238106088016604,35.292158296951726,38.70690239085638,False,False,True
0.82,0.13,0.15,3.270632138016829,41.555608995973536,0.8384742502151802,41.684117762146116,-5.6450441109439655,36.054874302433795,0.7048211891906768,36.49411574458003,39.08911675336307,False,False,True
0.82,0.13,0.17,3.1392501390595586,41.696132985497684,0.8373799757533775,41.81414111732888,-5.937745766789596,35.38654228620627,0.7156629427421067,35.881251368430455,38.847696242879664,False,False,True
0.82,0.13,0.19,3.0170469979342203,41.73363678034171,0.837087305406339,41.842550250925605,-6.285990323138966,36.633531589659036,0.6952703006160401,37.1689293775479,39.50573981423675,False,False,True
0.82,0.13,0.21,3.0313523827804616,42.29616254974166,0.8326659216445682,42.40465143946779,-6.957778582105806,36.21026795188622,0.7022713115815968,36.8726753564887,39.63866339797825,False,False,True
0.82,0.15,0.11,3.4755798094421,42.05390061808173,0.8345773281113901,42.19727730798868,-5.707319050221908,36.4579422551263,0.6981845187699414,36.901965316486184,39.549621312237434,False,False,True
0.82,0.15,0.13,3.0784553053391916,41.63507541878566,0.8378558910188422,41.74872922850396,-6.209500212564234,35.8670010559141,0.7078893855508719,36.4005447436543,39.07463698607913,False,False,True
0.82,0.15,0.15,3.2046778465028467,41.76349709859831,0.8368540947111859,41.88627042366622,-5.753371326630246,35.204998358665286,0.7185729333968615,35.672022525443055,38.779146474554636,False,False,True
0.82,0.15,0.17,3.260262117861151,42.05964912091048,0.8345321005497816,42.1858198124828,-6.342797972800965,35.21111175948084,0.718475184445271,35.77783500244835,38.98182740746557,False,False,True
0.82,0.15,0.19,3.236198091063897,41.99869224822235,0.835011376853733,42.12318991536013,-6.259698712014697,35.97250736710448,0.7061683137134547,36.51308141257848,39.3181356639693,False,False,True
0.82,0.15,0.21,2.9726967907991484,41.85778953700526,0.8361165706805779,41.963215691057975,-6.509273277642729,35.09664639074056,0.7203025884356159,35.69517091259987,38.82919330182892,False,False,True
0.82,0.17,0.11,2.9932938781381004,41.874727183660426,0.8359839138317935,41.98157435050392,-5.66517955660437,35.025879162367964,0.7214293887075165,35.48107200332835,38.731323176916135,False,False,True
0.82,0.17,0.13,2.8849623547978007,42.07825858947489,0.8343856442214233,42.17704178473543,-6.4909601760598985,36.323492315459454,0.7004064899945359,36.89889778839522,39.53796978656533,False,False,True
0.82,0.17,0.15,3.216204215255513,41.83659298353421,0.8362825079822644,41.960034342504194,-5.84392551449089,35.19865579056686,0.7186743286320185,35.68048254833059,38.820258445417394,False,False,True
0.82,0.17,0.17,3.049337568777324,42.31210750999337,0.8325397334521227,42.42184462686169,-6.136206025600122,36.007344889732465,0.7055989163893704,36.52645493880777,39.47414978283473,False,False,True
0.82,0.17,0.19,2.975286588761962,41.90289937581349,0.8357631483560237,42.00839566544785,-6.96584680411183,35.84003952774267,0.7083283845301822,36.51070329435619,39.25954947990202,False,False,True
0.82,0.17,0.21,2.657529422093945,41.72615399579151,0.8371457202200006,41.81069707514816,-6.632380414843871,35.210408532439814,0.7184864294117697,35.82961538990497,38.82015623252657,False,False,True
0.82,0.19,0.11,2.67654685218215,41.79888571881212,0.836577491696766,41.884492958447545,-5.895192362407545,35.64421164327956,0.7115070301454776,36.128425327720755,39.00645914308415,False,False,True
0.82,0.19,0.13,2.9527402782030445,42.20933534969099,0.8333522362235463,42.31248829616613,-6.301678418466336,36.30765928060658,0.700667612500526,36.85047181958979,39.58148005787796,False,False,True
0.82,0.19,0.15,2.5138843010007075,41.69220406769737,0.8374106208305244,41.7679242278251,-6.714495534430904,35.95810353686145,0.7064035741779823,36.579634501311524,39.17377936456831,False,False,True
0.82,0.19,0.17,3.081915292723987,41.58920882297021,0.8382129410211452,41.70324318793622,-5.759664020724087,35.463525021132384,0.714424457572997,35.928196956653785,38.81572007229501,False,False,True
0.82,0.19,0.19,2.7878795767018376,41.78468699319025,0.8366884993089233,41.87758755770291,-7.258398529088147,36.53251879303525,0.6969484986731727,37.24660089955247,39.562094228627686,False,False,True
0.82,0.19,0.21,2.766261484170652,42.28344492183037,0.832766534677962,42.373835288492224,-6.639459807025884,35.42660691203744,0.7150187257036237,36.04340305560965,39.20861917205094,False,False,True
0.82,0.21,0.11,2.780430850030127,42.08126636811383,0.8343619669523694,42.17302188432728,-6.496410936292542,36.746242297313984,0.6933922869302429,37.31607800970097,39.74454994701412,False,False,True
0.82,0.21,0.13,2.5247941157042093,41.72454840604759,0.8371582529892886,41.800867515104315,-6.669929670199923,36.51798935533224,0.6971895054505544,37.12211616222292,39.46149183866362,False,False,True
0.82,0.21,0.15,3.027437802863325,41.81310177869797,0.8364663107790817,41.92255788958924,-6.013853850469097,35.978624745702355,0.7060683689146243,36.47777236519341,39.20016512739133,False,False,True
0.82,0.21,0.17,2.9469618389678742,41.85802610644985,0.8361147182214854,41.96163645055529,-6.268679566768634,36.1091553604343,0.7039317294665801,36.649248892096054,39.30544267132567,False,False,True
0.82,0.21,0.19,2.475600996670674,41.52335867727327,0.83872486550609,41.597090236411994,-7.020790727967889,35.919606437172504,0.707031892104614,36.599311865761685,39.09820105108684,False,False,True
0.82,0.21,0.21,2.666006882001092,41.671958389478334,0.8375684888586468,41.757151587593846,-6.533713392902904,35.67216379326888,0.7110543810178,36.26558534470941,39.01136846615162,False,False,True
