tau,rho_floor,rho_hall,nmbe_jun,cvrmse_jun,nmae_jun,r2_jun,gof_jun,nmbe_nov,cvrmse_nov,nmae_nov,r2_nov,gof_nov,gof_combined,meets_ashrae_jun,meets_ashrae_nov,success
0.68,0.09,0.11,21.311616628137088,53.59512151853391,28.57857140505719,0.7313214579151217,35.649961386495804,12.821696599280061,36.85067862564947,24.788062558460627,0.6916469935269504,27.90777578178074,31.778868584138273,False,False,True
0.68,0.09,0.13,21.373279730347456,53.543231415040474,28.573457888649035,0.7318414682386677,35.68276309573127,12.597699480037866,37.24384902470758,25.04202156756614,0.6850320802602072,28.032211407232825,31.85748725148205,False,False,True
0.68,0.09,0.15,21.333714182215484,53.714868025105325,28.73799471504946,0.7301195104993328,35.79105616003351,12.716863290169862,37.08677966390617,24.730522787482975,0.6876831215357708,27.808584453062057,31.799820306547787,False,False,True
0.68,0.09,0.17,21.21477507261195,53.69496118839878,28.67614043307863,0.7303195099225401,35.670544031724056,12.457044153779679,37.451231771632486,25.11430163683305,0.6815146796775887,28.03401676098257,31.852280396353315,False,False,True
0.68,0.09,0.19,21.241967235846168,53.53548368005373,28.493073475612047,0.731919067997485,35.53978627025476,12.589886100540104,36.51002911834744,24.293881537606055,0.6973215050827863,27.362344785997585,31.451065528126172,False,False,True
0.68,0.09,0.21,21.216816637130375,54.0560858491973,28.742702771011302,0.7266798474649142,35.72528895329348,11.960991020970214,37.24589663428135,24.842347442915003,0.6849974464039629,27.57186124798679,31.648575100640134,False,False,True
0.68,0.11,0.11,21.12530589032991,53.703000251050604,28.605489731479032,0.730238752227605,35.560548248554326,13.146820905030127,37.101174322707074,25.08066815746397,0.6874406325727949,28.317464842986283,31.939006545770305,False,False,True
0.68,0.11,0.13,21.28646250680827,53.55299736684414,28.644999700103085,0.7317436384268974,35.68822626403083,12.815539057714604,37.46495383900504,25.251280424073347,0.6812812519665694,28.317224517861888,32.00272539094636,False,False,True
0.68,0.11,0.15,21.36752280663573,53.78360722652258,28.855769613258147,0.7294283335439863,35.9057999613646,12.830744992770205,37.232318645452935,25.2509667970234,0.6852270728558207,28.32382991853107,32.114814939947834,False,False,True
0.68,0.11,0.17,21.187606322318928,53.820475444668425,28.67674874086707,0.7290572571213614,35.65488157344503,12.44999657448027,36.827777026187235,24.590771293998557,0.6920301388566121,27.562809137283413,31.608845355364224,False,False,True
0.68,0.11,0.19,21.25446513946183,53.885853761355875,28.72248802872296,0.7283986029867918,35.7314092490729,12.061133637306808,36.57112477403554,24.442140888731803,0.6963076568859542,27.25599375993451,31.493701504503704,False,False,True
0.68,0.11,0.21,20.827259647274925,53.409701952298086,28.36036966292021,0.7331773015375143,35.18643647533082,11.879557998455628,36.929651711119774,24.642903782952644,0.690323941542079,27.35683836071948,31.27163741802515,False,False,True
0.68,0.13,0.11,21.162527099249452,53.720401910085094,28.643368476138768,0.7300638996573396,35.61313115813221,12.328896158058713,36.42584508078649,24.544938385411115,0.6987157149466492,27.467356640561952,31.540243899347082,False,False,True
0.68,0.13,0.13,20.9926542837579,53.173723239857694,28.346655395149096,0.7355298845841255,35.273565257409324,12.184294137724791,36.906210174512225,24.740605073772464,0.6907169579051626,27.578153728104617,31.42585949275697,False,False,True
0.68,0.13,0.15,21.23721244625008,53.85268051581152,28.666723407717416,0.7287329069223998,35.676325811688244,12.234450665059292,37.118815376716796,24.68704074783102,0.6871433272898385,27.552345888523522,31.61433585010588,False,False,True
0.68,0.13,0.17,21.114497099103303,53.75169552750276,28.656603512078643,0.729749317594028,35.595265311506246,12.319854596131911,36.863962289632916,24.55250689331581,0.6914246477717254,27.470063924500668,31.53266461800346,False,False,True
0.68,0.13,0.19,21.193771199890083,53.534866013645896,28.55490922836705,0.7319252539369658,35.560635240579884,11.909245491015907,36.940723321472824,24.632076257846126,0.6901382302531963,27.359994680877215,31.46031496072855,False,False,True
0.68,0.13,0.21,20.85377584141885,53.36695379679269,28.492156138343567,0.7336042506924627,35.30839741840308,12.055598130964073,36.662665690000146,24.554343540191407,0.6947854139270455,27.354217828061618,31.331307623232348,False,False,True
0.68,0.15,0.11,21.1413839806645,53.68370128739881,28.652523955396465,0.7304326027404071,35.60793795816413,12.682272357992133,36.39469619689248,24.52780864732695,0.6992307699374529,27.612559265706935,31.610248611935532,False,False,True
0.68,0.15,0.13,20.960865141277857,53.47739937136633,28.51959424870071,0.7325004711101837,35.39385714472724,12.254849503279267,36.90400182118435,24.633438497935792,0.6907539698767275,27.51340816001553,31.453632652371386,False,False,True
0.68,0.15,0.15,21.132681419002218,53.58450769539608,28.453367845052917,0.7314278640235122,35.44269128724472,12.4501624490928,36.85332413108032,24.546793171869385,0.691602718693219,27.523655281072934,31.483173284158827,False,False,True
0.68,0.15,0.17,21.002683220916005,53.50610957616401,28.56529158897323,0.7322131711328133,35.45544508310693,12.2303528682689,36.86055344117617,24.752355976952483,0.6914817136926619,27.609068395948253,31.53225673952759,False,False,True
0.68,0.15,0.19,20.631138258554692,53.19384675848914,28.39821170638378,0.735329670040723,35.10131470421289,11.971782238539316,36.70645872737291,24.448866478230794,0.694055829406351,27.222612696751995,31.161963700482442,False,False,True
0.68,0.15,0.21,20.899656719326007,53.72132798912273,28.622854805542353,0.7300545927903079,35.44098571152935,11.59507420780844,36.863844178623324,24.56566475107051,0.6914266251005712,27.164639341367533,31.30281252644844,False,False,True
0.68,0.17,0.11,21.123060190612886,53.715789812841265,28.49593048479982,0.730110247713475,35.471139339057025,12.626957256107504,36.678454766012344,24.5419587214675,0.6945224710181341,27.599778756971595,31.53545904801431,False,False,True
0.68,0.17,0.13,20.75289796284259,53.60107240587948,28.483363721560796,0.7312617896298114,35.241804476372685,12.273108656457318,36.8955207295183,24.758481670820213,0.6908960922714019,27.633523313858262,31.437663895115474,False,False,True
0.68,0.17,0.15,20.891571238974354,53.63865008084978,28.524883690462676,0.730884853254277,35.357131365363394,12.498574505864369,36.979401390820684,24.926415404620116,0.6894890210230791,27.88441409824359,31.62077273180349,False,False,True
0.68,0.17,0.17,20.607180368675685,53.51326156618031,28.380712879744014,0.7321415779356386,35.07307722897437,11.457347698121708,37.03470970116033,24.514321977703524,0.6885594937736507,27.059615634782638,31.066346431878504,False,False,True
0.68,0.17,0.19,20.873173902731818,53.645658266029706,28.480182887918286,0.7308145259067769,35.31019974600764,12.01259258564891,37.06535450387898,24.692766444096787,0.6880438703701119,27.459699475622443,31.384949610815042,False,False,True
0.68,0.17,0.21,20.93661263071743,53.873074986080674,28.56995346750289,0.7285274056851123,35.420107136822686,11.959713455212702,36.99198395411932,24.570057297089345,0.6892776769450031,27.3262229646369,31.373165050729796,False,False,True
0.68,0.19,0.11,21.08004556117839,54.09157210140343,28.681339616360578,0.7263208761740807,35.5947687596137,12.319666013130202,36.77037212065608,24.524677309497214,0.6929894800794745,27.445108267413392,31.519938513513544,False,False,True
0.68,0.19,0.13,20.960814369526247,53.6929387864263,28.51703217492332,0.7303398243830335,35.39176264470802,12.489825875997514,36.85813471148462,24.57769134909506,0.6915222013026878,27.569161439262516,31.480462041985266,False,False,True
0.68,0.19,0.15,20.884584488304235,53.788342527503055,28.620565309661472,0.7293806872537529,35.43025018107712,11.809064593418393,37.233225224004826,24.640448186627076,0.6852117437079689,27.324086323414026,31.377168252245575,False,False,True
0.68,0.19,0.17,20.789692058324558,53.3830117436193,28.44225269321175,0.7334439113042703,35.230285751672156,11.957216062203207,36.47630067570173,24.17111414083076,0.6978804834762036,26.966975632563603,31.09863069211788,False,False,True
0.68,0.19,0.19,20.692646434525958,53.55101390809074,28.497817095042937,0.7317635090448409,35.21805212737952,11.796900871967859,37.348434404288824,24.87757017618316,0.6832606580478331,27.532896107274183,31.375474117326853,False,False,True
0.68,0.19,0.21,20.72758382625196,53.2222143501371,28.30649707037976,0.7350473042305796,35.08404919147332,11.946512856470424,37.07920540940228,24.933374011050205,0.6878106778231687,27.64764563221843,31.365847411845877,False,False,True
0.68,0.21,0.11,20.784964259450696,53.486314147671834,28.38433020538561,0.7324112783948826,35.1807467299233,12.421916334106605,36.888611145536835,24.83244398461099,0.6910118558860029,27.766063452718445,31.47340509132087,False,False,True
0.68,0.21,0.13,20.80040924985544,53.389241790975284,28.454769221004568,0.7333816909871853,35.2467149729177,12.001372835981519,36.55357030003424,24.12188920906883,0.6965991371109639,26.942503390791778,31.09460918185474,False,False,True
0.68,0.21,0.15,20.99006000633365,53.72400108397659,28.697415625685522,0.7300277279431988,35.55452548780291,12.324902935720557,36.98336967433741,24.982170297677733,0.6894223751787905,27.856993110475955,31.705759299139434,False,False,True
0.68,0.21,0.17,20.683639849202137,53.3584261979079,28.442588749589763,0.7336893795758767,35.16807944983338,11.835169449108767,37.04877320104505,24.49039768893777,0.6883229170500829,27.200198801689776,31.184139125761575,False,False,True
0.68,0.21,0.19,20.706698823405645,53.36146914680025,28.328803049195532,0.733659004140458,35.089720123753324,11.330150179864125,36.44827548506026,24.38879865263381,0.6983445494180156,26.89211413810725,30.990917130930285,False,False,True
0.68,0.21,0.21,20.67551220963901,53.59260517938596,28.41906537018349,0.7313466867211424,35.14427523289809,11.404780985362118,36.55128970915548,24.547719695172628,0.6966369945158546,27.06768500549767,31.10598011919788,False,False,True
0.7,0.09,0.11,18.788887048548425,51.11932438933962,27.179850058416587,0.7555710321136561,33.04189046833003,10.656810536355552,36.29756797783919,24.200464791097996,0.7008339814723591,26.442959496110728,29.742424982220378,False,False,True
0.7,0.09,0.13,18.90181823356594,51.987871654339266,27.55359393440585,0.7471944876762107,33.41375871159802,9.762862761872771,36.55969364228195,24.029196234803326,0.6964974790285798,25.93676465941441,29.675261685506214,False,False,True
0.7,0.09,0.15,18.683211558244103,51.32787658406733,27.328388989775,0.753572563532259,33.104429294379344,9.935388323108818,36.340679812676655,24.009450938812968,0.7001229004742842,25.983950344669186,29.544189819524263,False,False,True
0.7,0.09,0.17,18.88489215034118,51.733194664921946,27.43601298340198,0.7496652964988958,33.30726587331088,10.354075403551539,35.81757875974858,23.855224200890564,0.7086938481725258,26.005357123815582,29.656311498563234,False,False,True
0.7,0.09,0.19,18.901477625374994,51.69948931077955,27.472526210411434,0.7499913877538262,33.34674725972977,9.953991238537482,36.35668051081946,24.014932291477344,0.6998587722686169,25.996132684326763,29.671439972028267,False,False,True
0.7,0.09,0.21,18.607925584469783,51.29619061483767,27.194191644329347,0.7538767211387177,32.95116012746254,9.345658162324561,36.395064511456084,23.686305886294,0.6992246823334982,25.463354316077638,29.207257221770092,False,False,True
0.7,0.11,0.11,18.749141718728385,51.42237367522583,27.156569671479392,0.7526643587349986,33.00014532560236,10.557045876709967,36.107936232362974,23.920404069158092,0.7039517210195734,26.146451928985584,29.573298627293973,False,False,True
0.7,0.11,0.13,18.831241589139637,51.675776614779636,27.275208824479346,0.7502206750729721,33.14442149453658,9.892805901340182,36.80230055159275,24.08814321706066,0.692456082161069,26.040473349138963,29.59244742183777,False,False,True
0.7,0.11,0.15,18.654176772662076,51.180147968585,27.121811382241873,0.7549890256202811,32.91763909698917,9.819343897803181,35.67277955860195,23.68388573967481,0.7110444054955989,25.63875890742952,29.278199002209345,False,False,True
0.7,0.11,0.17,18.911389657904802,51.52141130596908,27.251577170168385,0.7517107222956563,33.17060622079059,10.51811576455615,36.64922473409909,24.40246520328711,0.6950091632767146,26.572750464230136,29.871678342510364,False,False,True
0.7,0.11,0.19,18.595791034543783,51.35803630717909,27.159499362257815,0.7532828820849709,32.91567787254125,9.614933833493339,35.689339156366124,23.354115359103314,0.7107760721001407,25.255923202859965,29.085800537700607,False,False,True
0.7,0.11,0.21,18.512579224878262,51.42175082541329,27.24145279506817,0.7526703503691379,32.93648949027995,9.599499161958029,35.63460628486794,23.688503879656487,0.7116624946584265,25.559647889142237,29.248068689711097,False,False,True
0.7,0.13,0.11,18.84450454099638,51.44492496042646,27.365098527169724,0.7524473730439043,33.22595324136449,10.29047210008856,35.85361913149076,23.921939237200483,0.7081073169546319,26.041370795544022,29.63366201845426,False,False,True
0.7,0.13,0.13,18.63145601905044,51.220994327729805,27.022368543859766,0.754597787993355,32.82285111183964,10.198254050427398,36.65982620595265,24.319420953105944,0.6948326891794734,26.371170265489305,29.597010688664472,False,False,True
0.7,0.13,0.15,18.688680395518087,51.32722413742707,27.287188916642112,0.7535788283435788,33.073515898651266,9.75068198858604,35.40088848010131,23.527673843175858,0.715432347653453,25.46816121578858,29.270838557219925,False,False,True
0.7,0.13,0.17,18.47483171225003,51.33258527017159,27.124148421189258,0.7535273482322407,32.81826982597747,9.209343544968878,35.462201969408255,23.52731294826822,0.7144457653344563,25.26551925243195,29.04189453920471,False,False,True
0.7,0.13,0.19,18.545512259742416,51.36549857502263,27.264339122344627,0.7532111814086774,32.97393232167598,9.099740761212246,36.432429484256076,23.849839986937084,0.6986067836873702,25.526851535662807,29.250391928669394,False,False,True
0.7,0.13,0.21,18.35927790611324,51.15284577977254,27.169279242083444,0.7552503594353203,32.79074289747343,9.262270566882984,35.93902374649938,23.488890608673003,0.706715062912129,25.249111629527754,29.01992726350059,False,False,True
0.7,0.15,0.11,18.570356934665742,51.28609837461816,27.28548174893947,0.7539735583842866,33.005388513886594,10.403874854338179,35.955875168348115,23.929022508555697,0.7064399621236477,26.09288658235603,29.549137548121312,False,False,True
0.7,0.15,0.13,18.5455971786827,51.619418600008984,27.32856575983242,0.7507652006330899,33.0271052501343,9.940640805232656,36.64031646104333,24.401336183367466,0.6951574126037465,26.348463848057154,29.687784549095724,False,False,True
0.7,0.15,0.15,18.681013119422786,51.431901246228385,27.141531745010784,0.7525726972257047,32.949097053386375,9.615134193049064,35.812213856840735,23.69115271437593,0.7087811076820547,25.567978459123893,29.258537756255134,False,False,True
0.7,0.15,0.17,18.340680544236566,50.84278674885883,26.902998757507913,0.7582084292792433,32.559973970693065,9.408297481413387,35.98767065642951,23.70966992006168,0.7059205470583255,25.50812633685679,29.034050153774928,False,False,True
0.7,0.15,0.19,18.45346693403194,51.2154354887547,27.09851084089358,0.7546510504251076,32.785053479892895,9.510519154744319,36.2520525178337,23.683690801104817,0.7015837915763826,25.521896178675586,29.153474829284242,False,False,True
0.7,0.15,0.21,18.353772144257867,51.39445442800472,27.079520634861147,0.7529328624934624,32.71332128869227,9.583611899831961,36.19298528882643,23.896030294451368,0.7025554473777283,25.746181869938273,29.22975157931527,False,False,True
0.7,0.17,0.11,18.416146484195252,51.353325444862996,27.13212994602,0.7533281407106057,32.7918728762944,9.861470366835025,35.99092006135199,23.707745044885613,0.7058674385161274,25.67695022601523,29.234411551154814,False,False,True
0.7,0.17,0.13,18.39525673056943,51.40516938977857,27.209005327312337,0.752829832276453,32.84380369392788,10.018322982295215,35.69651750918783,23.530072633091663,0.7106597146533102,25.57403201484181,29.208917854384843,False,False,True
0.7,0.17,0.15,18.279748554706696,51.41875508996,27.060904779944394,0.7526991674593938,32.65642011507873,9.586835813896112,36.0014058818456,23.740721311177424,0.705696024697088,25.60330582752147,29.1298629713001,False,False,True
0.7,0.17,0.17,18.34748045533106,51.37096808501461,27.33038961601329,0.7531586213902912,32.917779931548274,9.321971258657316,35.84183363980178,23.707010653239706,0.7082991822933987,25.473937706213658,29.195858818880964,False,False,True
0.7,0.17,0.19,18.472290529060118,51.10903575139957,27.0459076533837,0.7556694132290286,32.752200509055314,9.565582160672067,36.171665314341816,23.645407463030537,0.7029057717538522,25.506972696996165,29.12958660302574,False,False,True
0.7,0.17,0.21,18.4499544167544,51.44531724746075,27.203576545630348,0.7524435976644596,32.86997710455979,9.34601316974644,36.1831283501439,23.723363421575414,0.7027174397335239,25.497959412494485,29.183968258527138,False,False,True
0.7,0.19,0.11,18.30767050749359,50.85599247653505,26.870326958540282,0.7580828087727666,32.51438558960952,10.25355041035992,35.6788959175478,23.558043631186955,0.7109453099011239,25.692736634050885,29.103561111830203,False,False,True
0.7,0.19,0.13,18.190549557295718,51.21607835239724,27.04797659118285,0.7546448910745989,32.59584530079879,9.73255173127469,35.72295016112134,23.548591998671387,0.7102310530804776,25.480556279677806,29.0382007902383,False,False,True
0.7,0.19,0.15,18.481486081093284,51.28937713268967,27.19418108282103,0.7539421000752304,32.8799150322945,9.516863444509365,36.18698006100802,23.72705256920611,0.7026541446308243,25.5645010403745,29.2222080363345,False,False,True
0.7,0.19,0.17,18.43046622719409,51.17125954307519,27.09722411582141,0.7550741200475541,32.771048810417945,9.375035060367637,35.86363920728776,23.437293080965915,0.7079441426041873,25.242780935273657,29.0069148728458,False,False,True
0.7,0.19,0.19,18.414254749658067,51.38166111303397,27.167072926898367,0.7530558490819461,32.81972927067984,9.618968366234075,35.484414131834725,23.61971218090917,0.7140879328747858,25.50324206722747,29.161485668953652,False,False,True
0.7,0.19,0.21,18.230775974762643,51.237533731947174,27.067927593308816,0.7544392802668443,32.6348570831648,9.511709159453515,36.323062707093754,23.877961864048576,0.7004135767094342,25.70271724769562,29.16878716543021,False,False,True
0.7,0.21,0.11,18.302048461423922,51.156060189813644,26.89253271969384,0.755219598666927,32.529575680665026,9.876885453621,35.88942879817033,23.92735362964746,0.7075239560654165,25.885731938312148,29.207653809488587,False,False,True
0.7,0.21,0.13,18.266611976479112,51.59290406922356,27.12387520479088,0.7510211758741158,32.70128008540827,9.28736932546632,35.935916301234315,23.852640975493973,0.7067657781177014,25.596947288562102,29.14911368698519,False,False,True
0.7,0.21,0.15,18.11672727490439,51.147286151153246,27.01694938854311,0.7553035585541434,32.52893114469587,9.266728980851289,35.898265001431184,23.71384661368261,0.707379919450473,25.460141146934266,28.99453614581507,False,False,True
0.7,0.21,0.17,18.11518032233456,51.21146651281985,27.033661932684755,0.7546890759279731,32.54195193287253,9.130129616380335,36.239350705489905,23.8724504358666,0.7017928700909046,25.55881759050705,29.05038476168979,False,False,True
0.7,0.21,0.19,18.349378494395943,51.73316839676506,27.233865959356113,0.7496655507197936,32.8387445896273,9.4213950451422,36.29284933958971,23.941115678970746,0.700911758829898,25.72818890925844,29.283466749442866,False,False,True
0.7,0.21,0.21,18.295877158136328,51.70448157086164,27.186131834285288,0.7499431022371881,32.76926738724494,8.50373089079202,36.01242147746761,23.575986122295518,0.7055158967559298,25.062732506685727,28.915999946965332,False,False,True
0.72,0.09,0.11,16.437093134126055,49.582485383293694,26.096972349830143,0.7700470167469251,30.84201673898341,7.884777413335156,35.52137658839239,23.255887466621953,0.713491980160248,24.556180825161398,27.699098782072404,False,False,True
0.72,0.09,0.13,16.291841965577188,49.54125699363211,25.98062137320084,0.7704292746960971,30.666215964297947,7.999275242308649,35.767734290372765,23.43912077402522,0.7095040591305232,24.766525534712223,27.716370749505085,False,False,True
0.72,0.09,0.15,16.499651460277295,49.51756756821998,25.926718925723673,0.7706487724904127,30.731632767624124,7.972010637832316,35.25441107187458,23.033357952835313,0.7177823732683783,24.373931406179704,27.552782086901914,False,False,True
0.72,0.09,0.17,16.488099443826883,49.16919268775008,25.953070011965483,0.7738645662477168,30.747670908794156,7.874011006965972,34.9973351836134,23.012553583556713,0.7218832401909614,24.322369781209442,27.535020345001797,False,False,True
0.72,0.09,0.19,16.08818042232431,49.33913916182121,25.96376651820624,0.7722986534031924,30.544176549928242,7.281458823300429,35.22698735138549,22.98269251805968,0.7182212657014514,24.108583491675656,27.32638002080195,False,False,True
0.72,0.09,0.21,16.210666963319824,49.742016310007955,26.12804888171371,0.7685648954559465,30.748344049084817,7.0685812771692875,35.41236480340259,22.783623779994873,0.7152478144468285,23.854944012097285,27.30164403059105,False,False,True
0.72,0.11,0.11,16.45677746585444,49.66061900657611,26.20867715362883,0.769321711585109,30.94705612338273,7.983793911162958,35.53321471402885,23.16838623916143,0.7133009806306434,24.50540932412449,27.72623272375361,False,False,True
0.72,0.11,0.13,16.386311464939627,49.65149688864918,26.126186469425416,0.7694064500086717,30.839727995901644,7.731843073542459,35.499952053517305,23.450612618337065,0.7138374875988736,24.692359739182404,27.766043867542024,False,False,True
0.72,0.11,0.15,16.207072235760794,49.53809373971199,26.035513048192744,0.7704585903556855,30.667851736595164,7.439585113589177,35.68130688813744,23.311855992952577,0.7109062433389453,24.47018709569865,27.569019416146908,False,False,True
0.72,0.11,0.17,16.287673811785996,49.57755538939643,26.05017392212201,0.7700927429921911,30.722953627083854,7.98709854770385,35.38360376206162,23.271411452960816,0.7157101638924328,24.603908921627248,27.663431274355553,False,False,True
0.72,0.11,0.19,16.220873113688203,49.63538570853592,26.058194036522742,0.769556074156842,30.69440015728345,7.174460176733649,35.31817338567868,22.884166958322723,0.7167605935038831,23.982451421902773,27.33842578959311,False,False,True
0.72,0.11,0.21,16.15092790329876,49.03095472181191,25.90731044941415,0.775134327112943,30.52934992527483,7.071311404180501,35.73728069566527,23.11899396376969,0.7099985203922634,24.176255435276005,27.352802680275417,False,False,True
0.72,0.13,0.11,15.979117405553817,48.99448216841833,25.619527221378767,0.7754687433982783,30.19424395654643,7.387139089596529,35.4827910145534,23.06512012834465,0.714114088482243,24.219198798969682,27.206721377758058,False,False,True
0.72,0.13,0.13,16.06706156409734,49.00421346653563,25.798622373423967,0.7753795416151931,30.392752156904542,7.9200536944081215,35.94988622331527,23.778429522318792,0.7065377468947511,25.062740494012015,27.727746325458277,False,False,True
0.72,0.13,0.15,16.194286910436674,49.15293999324395,25.850329751850314,0.774014037999879,30.50400755338449,7.4583532052932915,34.796630248618364,22.896054764847417,0.725064016531388,24.08020673353534,27.292107143459916,False,False,True
0.72,0.13,0.17,16.029456535965632,49.24495920151666,25.99986780388493,0.7731671094332255,30.54401091307269,7.313761069175877,34.95232889388109,23.117430987374945,0.7225980920517204,24.24678775493851,27.3953993340056,False,False,True
0.72,0.13,0.19,16.02507867862453,49.214695081267294,25.841021176846134,0.7734458298761888,30.406603265052755,7.187643605969141,35.29023932478056,22.982691999902155,0.7172084591298689,24.080414285655376,27.243508775354066,False,False,True
0.72,0.13,0.21,15.845828159900547,49.11113346920069,25.839769610979076,0.7743982945566056,30.311449381736516,6.631793328803637,34.86230489256639,22.558111292567336,0.724025216951564,23.51274266953599,26.912096025636252,False,False,True
0.72,0.15,0.11,16.19167218376901,48.92880371398306,25.772832684979598,0.7760703205948755,30.436970163184636,7.714329939356666,35.25432714528264,22.999117135537546,0.7177837169603978,24.25840628374897,27.347688223466804,False,False,True
0.72,0.15,0.13,16.063031631491302,49.415435409805355,25.93061249476899,0.7715938907744926,30.5027482294327,6.864118458681161,35.655335494738246,23.19425145185701,0.7113269361805922,24.188621759554188,27.345684994493446,False,False,True
0.72,0.15,0.15,15.943267316098437,49.17943197372112,25.885289235198478,0.7737703728578746,30.401249505611688,6.993897469491785,34.97257817981734,22.924011964172703,0.7222765788442744,23.967163502327445,27.184206503969566,False,False,True
0.72,0.15,0.17,15.980399457624312,49.64235143703388,25.994181884113754,0.7694913895599784,30.51345045467043,6.981120911810133,35.36773428974514,23.0247320242303,0.7159651135017764,24.059807438400853,27.286628946535643,False,False,True
0.72,0.15,0.19,16.005152191895533,49.15243204764972,25.718176662398406,0.774018708645446,30.29173992236287,6.9171286967616155,34.64313617817964,22.662789941829562,0.7274842488809647,23.69490910206355,26.99332451221321,False,False,True
0.72,0.15,0.21,16.295332857899652,49.9943656181469,26.257626223861575,0.7662107234501613,30.903087351618563,7.13770632708941,35.8761964452563,23.30393081780377,0.7077395868461032,24.372526401109027,27.637806876363797,False,False,True
0.72,0.17,0.11,16.324143028290298,49.612956991721205,26.228383624912233,0.769764288265506,30.893458096879392,7.762814422545805,35.58720706718187,22.91777393841062,0.7124290462819546,24.1968107413142,27.545134419096797,False,False,True
0.72,0.17,0.13,15.832346620635684,49.03628930680654,25.769234604833542,0.775085393523632,30.244282957856758,7.486150278118277,34.76056036856197,22.86024301883854,0.7256337135386222,24.054794883077395,27.149538920467077,False,False,True
0.72,0.17,0.15,16.026272303612014,49.04047242774027,25.797162341217422,0.7750470184694787,30.369968534864306,7.869108289649265,35.14704202327811,23.066885753728485,0.719498771012489,24.372198990854084,27.371083762859193,False,False,True
0.72,0.17,0.17,15.980960003483,49.1030135911095,25.74854148355711,0.7744728889216371,30.304759876352506,6.769508583032813,35.231375922202105,22.7650468486288,0.718151053455039,23.75023377729194,27.027496826822222,False,False,True
0.72,0.17,0.19,15.787773929964919,49.415274057115255,25.84671701329299,0.7715953823683512,30.28706961772514,6.702439221473938,35.4832557950631,22.807338416958505,0.7141065989321759,23.77177690420351,27.029423260964325,False,False,True
0.72,0.17,0.21,15.65992330489148,49.429534365529754,25.916719428385626,0.7714635368884112,30.28051425991217,6.660219933519153,35.713424697771856,22.951468927848047,0.7103855652622633,23.898293987413,27.089404123662582,False,False,True
0.72,0.19,0.11,15.898386277860387,49.443797692335586,25.77632019939201,0.7713316254468652,30.284936342373975,7.234744562108504,35.28153110357067,22.773719645508855,0.7173480052199068,23.895268053972412,27.09010219817319,False,False,True
0.72,0.19,0.13,16.008249897297063,49.37302778233437,26.03025600180907,0.7719857523395521,30.558767846463127,7.468875371489118,34.875966726855474,22.762276285888415,0.723808876665279,23.95632110800727,27.2575444772352,False,False,True
0.72,0.19,0.15,15.81539543596691,48.90867894597537,25.6464653911003,0.7762544904793369,30.13084665011769,7.202858020202408,34.89543555154787,22.73343257691223,0.723500434038362,23.847224584597015,26.989035617357352,False,False,True
0.72,0.19,0.17,15.9781123773787,49.45680443650463,25.85609258577413,0.7712113020741238,30.394696888573613,7.432051252947527,35.09168352907295,23.123562777958274,0.7203816843927862,24.288568121085614,27.34163250482961,False,False,True
0.72,0.19,0.19,15.964062465633045,49.40106027720009,26.039951741377294,0.7717267598065588,30.543909001630624,6.664996832038131,34.89855284484044,22.60887009460408,0.723451031087638,23.570812241536373,27.0573606215835,False,False,True
0.72,0.19,0.21,15.635154932750739,49.44526665009094,26.03527971012521,0.771318037931841,30.369291387116316,5.896997286490314,34.862221620625306,22.532815512723694,0.7240265353341839,23.291679886330993,26.830485636723655,False,False,True
0.72,0.21,0.11,15.579936143120213,48.801024156604875,25.715190325832022,0.7772383962604938,30.06668295169037,7.075906547530916,35.23566351607906,23.003035470775067,0.7180824482802989,24.066742495384098,27.066712723537236,False,False,True
0.72,0.21,0.13,15.505998483621362,49.082946718267486,25.622407484334452,0.7746571830734108,29.949019253847798,6.900222030352545,34.61549724331906,22.489681528546825,0.7279189116350806,23.524430690744097,26.736724972295946,False,False,True
0.72,0.21,0.15,15.526987336174528,49.21583744394622,25.864155767397495,0.7734353122845643,30.166900558359078,7.018010479615448,35.609000715746305,23.053679211773648,0.7120767208343592,24.09822807368535,27.13256431602221,False,False,True
0.72,0.21,0.17,15.85346363118656,49.62132054574048,25.98844436687963,0.7696866572903311,30.442265843983304,7.056394336971539,34.9922528608662,22.72849317643911,0.7219640107121694,23.79867860008793,27.120472222035616,False,False,True
0.72,0.21,0.19,15.331539290185608,49.366617952468786,25.799692837188314,0.7720449521791687,30.011335316839386,6.231655163388186,35.88553968597384,22.78468012504358,0.7075873402182089,23.621498142072582,26.816416729455984,False,False,True
0.72,0.21,0.21,15.713401930923723,49.38548230595325,25.802454666186154,0.77187070300446,30.21055555668166,6.763885339757579,34.70359280757012,22.439860777461814,0.7265322704288997,23.437096590688373,26.823826073685016,False,False,True
0.74,0.09,0.11,14.032690058674161,47.540509957507105,24.805317217497826,0.7885974920764842,28.499476355601814,5.705894816156307,34.773733087231136,22.59991276469914,0.725425728703671,23.309081762803324,25.90427905920257,False,False,True
0.74,0.09,0.13,13.80203910999423,47.47021615875574,24.820741755945992,0.7892221929511359,28.400096917249616,5.453904579912944,34.06958971926593,21.814452965179083,0.7364330114955123,22.485894096895635,25.442995507072624,False,False,True
0.74,0.09,0.15,13.777589431683413,47.54150965624606,24.933198372185597,0.7885886010888685,28.486599509502586,4.91320032086561,35.71996286810626,22.818621027136636,0.7102795142828,23.341572418606166,25.914085964054376,False,False,True
0.74,0.09,0.17,13.726656738716207,47.71081444986325,24.929208783673108,0.7870801636640113,28.45850586033124,5.021907869601025,35.209120238849636,22.42321725052447,0.7185070293144037,22.97869079201378,25.71859832617251,False,False,True
0.74,0.09,0.19,13.808201557459816,47.40078241913484,24.786551330015683,0.7898383430059521,28.37321901171839,4.9757108883218155,34.508162074142795,22.099075387153956,0.7296036248144433,22.65230301340855,25.51276101256347,False,False,True
0.74,0.09,0.21,13.815197220928738,47.47395204857192,24.845692462877896,0.7891890153626484,28.428297666463685,4.8481257141968275,35.34930302543569,22.507150921149393,0.7162610758005201,23.023383016578002,25.725840341520843,False,False,True
0.74,0.11,0.11,13.989630796511731,47.44527901703506,24.774699851664984,0.7894435871588666,28.45163479596205,5.212015564411668,34.67170164613139,22.4380733974875,0.7270346504763112,23.035456236738742,25.743545516350395,False,False,True
0.74,0.11,0.13,13.702225233290132,47.60530574655316,24.963835159870733,0.7880208332554597,28.47707924336713,5.136268873224753,35.14318778108602,22.48529755541259,0.7195602874492304,23.0644719014657,25.770775572416415,False,False,True
0.74,0.11,0.15,13.755679428034002,47.63837760643,24.861105304803793,0.787726203052555,28.412906811929346,4.912747671835186,34.61153229519524,22.020902202935495,0.7279812378012896,22.562252181871635,25.48757949690049,False,False,True
0.74,0.11,0.17,13.790566619585142,47.48106114204379,24.832086810063455,0.7891258739075457,28.404440903347197,5.315973877050846,34.497696236659856,22.217074541376416,0.7297676147351206,22.84421107060962,25.62432598697841,False,False,True
0.74,0.11,0.19,13.795126752027434,47.504029347022964,24.803051509881477,0.7889218105822913,28.381277037975877,4.756711104854125,34.83335848546985,21.838941663585114,0.7244833141427468,22.350965829702222,25.366121433839048,False,False,True
0.74,0.11,0.21,13.73992754975322,47.228052719296784,24.66793810417109,0.791367221513404,28.236373339784333,4.858969251885557,34.699351791243735,22.123546814094624,0.7265991055975631,22.650847794866436,25.443610567325386,False,False,True
0.74,0.13,0.11,13.887537885951772,47.29893534840267,24.73003728507267,0.7907404949522505,28.362624220174517,5.21478434152063,35.02214563071643,22.602884575459065,0.7214887731848176,23.196645595001318,25.77963490758792,False,False,True
0.74,0.13,0.13,13.712045747519646,47.43270450923665,24.740528514770123,0.789555180660066,28.286285542153202,5.1579887580111565,34.46941145017768,22.020600505716526,0.7302105621025552,22.61662429851397,25.451454920333585,False,False,True
0.74,0.13,0.15,13.576789904341204,47.131693663620155,24.60064962500947,0.7922176969274013,28.09841963668241,4.8098012881750325,34.79414183104958,22.42209430719999,0.725103338216482,22.932171758311522,25.515295697496967,False,False,True
0.74,0.13,0.17,13.53661965876,47.360475367627274,24.565047154900775,0.7901956111632866,28.047845077802794,4.559731093344593,35.292834667105296,22.41223153104386,0.7171668630479398,22.871363532695863,25.45960430524933,False,False,True
0.74,0.13,0.19,13.455041784430769,47.382720468447026,24.808536442648137,0.7899984756483535,28.222360458455253,4.19794364795854,35.65361917841383,22.671284693725266,0.7113547268245621,23.056666726467142,25.6395135924612,False,False,True
0.74,0.13,0.21,13.485136665809058,47.584244883999105,24.782861171749694,0.7882083533846875,28.214165214547222,4.6309050597456904,35.225656312003565,22.663088376374272,0.7182425591207762,23.131382501435766,25.672773857991494,False,False,True
0.74,0.15,0.11,13.48106513381118,47.47332807671524,24.797241931470698,0.7891945568965367,28.22485295887205,5.1244758975527045,34.787239561445496,22.667891422066948,0.7252123923603182,23.23991296772032,25.732382963296182,False,False,True
0.74,0.15,0.13,13.605750010527142,47.541759521975344,24.947494514129374,0.7885863788370904,28.416437424164812,4.943012001903817,34.884325710878,22.55818428416545,0.7236764672112745,23.09339831747017,25.754917870817494,False,False,True
0.74,0.15,0.15,13.30974454969013,47.28859469527513,24.73525097030579,0.7908319829911261,28.088822341672135,4.371666809930326,34.42768296924052,21.953747248513036,0.7308633779508598,22.384782530742623,25.236802436207377,False,False,True
0.74,0.15,0.17,13.465306250097672,47.28691124822358,24.66667128570618,0.7908468752507116,28.10265369544309,4.2730183029649575,34.97059903009542,22.365820961593055,0.7223080115099473,22.77034546737288,25.436499581407986,False,False,True
0.74,0.15,0.19,13.581985746793238,47.24211954266509,24.716881737189595,0.79124292091923,28.202740640517746,4.295805189166236,35.188104494848695,22.439554085403245,0.7188429660633364,22.847046412501662,25.524893526509704,False,False,True
0.74,0.15,0.21,13.528523196357014,47.36166022683682,24.789190316136928,0.7901851133053168,28.24048328913701,4.361987551627853,35.15509116179174,22.571015618919603,0.719370279301798,22.98864244513079,25.6145628671339,False,False,True
0.74,0.17,0.11,13.540802237628908,47.060977758911946,24.533926026465014,0.7928407380025302,28.02261321701874,5.014300100751447,34.83140911741185,22.39553788649548,0.724514150583555,22.950017924303467,25.486315570661105,False,False,True
0.74,0.17,0.13,13.50926742961792,47.035503242154356,24.601306671472738,0.7930649515239285,28.06643184355262,5.044040732151895,34.87224213099165,22.34890723460949,0.7238678654464863,22.911045403664758,25.48873862360869,False,False,True
0.74,0.17,0.15,13.475205642822703,47.441113779516805,24.712775002575714,0.789480555177258,28.147866978588127,4.881131812413424,34.81937542470543,22.529654023529122,0.7247044695790725,23.0523482142292,25.600107596408662,False,False,True
0.74,0.17,0.17,13.332016165167158,47.49452634629137,24.818904335670094,0.7890062529162183,28.173048600593834,4.003288272529421,34.594425562682986,22.080823602121658,0.728250061625966,22.440790715591653,25.306919658092745,False,False,True
0.74,0.17,0.19,13.607342384456123,47.40411358898506,24.832832712292287,0.7898088030389085,28.31659137828051,4.149538089406826,34.36903003134945,22.03886722315797,0.7317796293830297,22.426108330145574,25.371349854213044,False,False,True
0.74,0.17,0.21,13.353218966493738,47.235602137793464,24.612240028445708,0.7913005161570394,28.001264542605092,4.588667049733155,34.694159985119114,22.181289696152977,0.7266809133648156,22.65094871915896,25.326106630882027,False,False,True
0.74,0.19,0.11,13.479346376304715,47.48885741922658,24.760436430681196,0.7890566181634107,28.191700746322553,5.07691198744601,34.42572189386662,22.224946712084986,0.7308940382871916,22.79744046342243,25.494570604872493,False,False,True
0.74,0.19,0.13,13.494103238047392,47.46775725667112,24.846332568240477,0.7892440284769826,28.274212001233362,4.783934924206678,34.967698276204395,22.703192933364686,0.7223540777902134,23.201745682784832,25.7379788420091,False,False,True
0.74,0.19,0.15,13.423209927441587,47.11107167956227,24.53147973858105,0.7923994831355907,27.963834910837587,4.800816284091597,34.34892460010342,22.103180390674535,0.7320933483847002,22.618541517443123,25.291188214140355,False,False,True
0.74,0.19,0.17,13.815203557110209,47.706348517744715,24.786100185936082,0.7871200221758936,28.37623321992634,4.793171145730353,34.790737062403174,22.178706664500275,0.7251571354186427,22.690736412514493,25.533484816220415,False,False,True
0.74,0.19,0.19,12.904455608057813,47.1347130911493,24.528068767519915,0.7921910734961841,27.715539540202364,3.7420768191755305,35.55274275149847,22.73600973633905,0.7129857708939523,23.041902648251835,25.3787210942271,False,False,True
0.74,0.19,0.21,13.098893421990915,47.09515815516085,24.599711435138044,0.7925397091082342,27.86981900861106,4.208418540757911,34.866635856834684,22.35020897969507,0.7239566436790565,22.74296876070134,25.306393884656202,False,False,True
0.74,0.21,0.11,13.36762332093904,47.36811011719857,24.61699420124537,0.7901279626414015,28.01231437697823,5.052523425242426,34.43472424516514,22.226729186857337,0.7307532770758283,22.793759744906485,25.40303706094236,False,False,True
0.74,0.21,0.13,13.439657873151347,47.53348280411159,24.79205728902885,0.7886599839622284,28.200540923355486,4.7096046604725466,34.445340997313544,22.2326530071637,0.7305872257163168,22.726003515684184,25.463272219519837,False,False,True
0.74,0.21,0.15,13.427932177860791,47.42814503183066,24.804870530269834,0.7895956368091291,28.206222090111222,4.209751411918696,35.080838700492656,22.32405437703906,0.7205544856849018,22.717513305358672,25.461867697734945,False,False,True
0.74,0.21,0.17,12.76765565029661,47.47325100837082,24.669289665219537,0.7891952413403693,27.77745278802681,3.8887698704188525,34.594799745106386,21.953023658145586,0.7282441829562805,22.294792639542024,25.036122713784415,False,False,True
0.74,0.21,0.19,13.08795029485401,47.1695755200195,24.703286136709867,0.7918835547837522,27.956158335378113,3.8725641054302637,34.72098658725198,22.333496972882873,0.7262580723364307,22.666756269665832,25.311457302521973,False,False,True
0.74,0.21,0.21,12.933137564378352,47.24166657174312,24.709365627769255,0.7912469241449173,27.889402951406456,3.315942507156754,34.99203809593065,22.11157579321216,0.7219674235932043,22.35882954829557,25.124116249851014,False,False,True
0.76,0.09,0.11,11.33818116573584,45.181000266905905,23.587314570373973,0.8090612186894683,26.170895299718413,2.4940344540529096,34.78454235524301,21.907027472176303,0.7252550016685817,22.04853873898881,24.10971701935361,False,False,True
0.76,0.09,0.13,11.274960149705358,45.56451335127706,23.79266602730863,0.8058059427244331,26.3289894045421,2.798525182998913,34.23373379927524,21.886855848178755,0.7338872115815649,22.06504480210352,24.19701710332281,False,False,True
0.76,0.09,0.15,11.400446145496234,45.8660250310224,23.845892762543286,0.8032273789301836,26.43098132796197,2.97171529143411,34.42242128929289,21.986257062596003,0.7309456374833744,22.186180189385823,24.308580758673898,False,False,True
0.76,0.09,0.17,11.381522472986848,45.472442377843755,23.75899952020111,0.8065899551115965,26.34443227712492,2.864989157745384,34.46632234708357,21.97344648048027,0.7302589162813978,22.159433952710284,24.251933114917602,False,False,True
0.76,0.09,0.19,11.205096438744048,46.03037824400952,23.986072295342243,0.8018146489042332,26.4742488157632,2.2059793697093815,34.76512402142905,22.178484478463098,0.7255616666745678,22.287923158989308,24.381085987376252,False,False,True
0.76,0.09,0.21,11.14130967478296,45.742195911231796,23.88129463001475,0.8042884383324642,26.352324650303316,1.9241310509919056,34.868367541306945,22.36863640305992,0.7239292230889869,22.451239939782585,24.40178229504295,False,False,True
0.76,0.11,0.11,11.174751518766238,45.785724103533184,23.6982625740011,0.8039157835597465,26.20081526465292,2.8074682277394647,34.33181363809661,21.952610791495612,0.7323601980047508,22.13140299241456,24.16610912853374,False,False,True
0.76,0.11,0.13,11.404834069642357,45.82701475349523,23.83329540276481,0.8035619573099497,26.421510363935017,2.617053600894593,34.28151488153476,21.86459478595058,0.7331438494594238,22.02066017865433,24.221085271294676,False,False,True
0.76,0.11,0.15,11.189662111139697,45.75696187131796,23.8144356220448,0.8041620633088232,26.312276263333654,2.4240360039576956,34.459697382576906,21.772962585601586,0.7303626031987653,21.90748388798882,24.109880075661238,False,False,True
0.76,0.11,0.17,11.001773393731874,45.37459718496861,23.660747069077438,0.8074213985998094,26.09348519600023,2.3562053245343466,35.057431226665734,22.15654186190118,0.7209272778726437,22.28147326389221,24.18747922994622,False,False,True
0.76,0.11,0.19,11.044213814633753,45.576503782954426,23.715348752978713,0.8057037238362472,26.16089496287839,1.6569961054754798,34.53585993436244,21.79832104769803,0.7291693851317298,21.86120848882961,24.011051725854003,False,False,True
0.76,0.11,0.21,11.214840561560408,45.80143896740903,23.77624055125755,0.803781157946853,26.288443536513995,1.9861019529773423,34.58424234152976,21.778418388940246,0.728410022798085,21.868793027767925,24.07861828214096,False,False,True
0.76,0.13,0.11,11.127957009795523,46.07559741876833,23.99205189160792,0.8014250722685763,26.447116689375886,2.940603715824468,35.009123449999386,22.36873755161375,0.7216958506888645,22.561196108949893,24.504156399162888,False,False,True
0.76,0.13,0.13,11.094693194785542,45.70847232682951,23.772472698347254,0.8045769099401759,26.23399846154006,2.8423549173146925,33.87740488213263,21.63309325785108,0.7393981608873454,21.819021641193377,24.02651005136672,False,False,True
0.76,0.13,0.15,11.128289043430861,45.88770741381248,23.786077472995533,0.8030412931402237,26.2605464258741,2.309630275449634,34.5305593194817,21.90547075244324,0.7292525137188534,22.02689358251453,24.143720004194314,False,False,True
0.76,0.13,0.17,11.202196847088604,45.55094085119079,23.789969449403735,0.8059216163533933,26.29547224532172,2.204077264301104,34.51088408450651,21.725191930981495,0.7295609652973847,21.836710398432096,24.066091321876907,False,False,True
0.76,0.13,0.19,11.17409409155328,45.69720044817308,23.76416753627125,0.8046732821722014,26.260160651809695,2.1675752777593615,34.1009794376218,21.447979558937025,0.7359471174845442,21.557231031496926,23.908695841653312,False,False,True
0.76,0.13,0.21,11.072677510032257,45.60627547702518,23.818017374269036,0.8054498027097365,26.26598825253213,1.8032513799623144,35.11694280629772,22.27643832834874,0.7199789964720554,22.34930469021488,24.307646471373502,False,False,True
0.76,0.15,0.11,11.115117854060683,45.52784222168878,23.69945409898667,0.8061183985913124,26.17651561036409,2.640433624976364,34.95814238693573,22.1208980724039,0.7225058058876033,22.277926771977423,24.227221191170756,False,False,True
0.76,0.15,0.13,11.105779834714474,45.6783345303871,23.83680731409864,0.8048345286858136,26.29699086714328,2.760105756005124,34.377668557106325,22.151563084395093,0.7316447800860802,22.32285669143329,24.309923779288283,False,False,True
0.76,0.15,0.15,11.088508858281958,45.71261407918705,23.815702200845415,0.8045414928424994,26.270567181154476,2.4558657668087616,34.13714787639416,21.793843412278445,0.7353866969118852,21.93177802512819,24.101172603141332,False,False,True
0.76,0.15,0.17,11.021437162263258,45.369299296490645,23.48829469335848,0.8074663665093682,25.9455596340447,2.5754463840295,34.16764551974731,21.767541237590653,0.7349136821760476,21.919369872494514,23.932464753269606,False,False,True
0.76,0.15,0.19,11.047269331883216,45.42808464651292,23.75083891368294,0.8069671086533738,26.194360247864104,1.9054291823967198,34.23597485540599,21.7439803251012,0.7338523691527621,21.827307226213616,24.01083373703886,False,False,True
0.76,0.15,0.21,11.14218913876118,45.76514689236934,23.81003789427219,0.8040919939276435,26.28813959432286,1.949852108737287,33.93317351704127,21.403770911644756,0.7385394545462582,21.4924017383846,23.89027066635373,False,False,True
0.76,0.17,0.11,11.100290645871596,45.59627179802381,23.59456359156688,0.8055351420299416,26.07527341178454,2.6135097787030066,34.21572924207109,21.73009399189752,0.7341670515207346,21.886695005415433,23.980984208599985,False,False,True
0.76,0.17,0.13,10.96225902885059,45.54634212646997,23.732863258185702,0.8059608018451034,26.14230138008812,2.3299488258167105,33.97054696981385,21.855115686225627,0.7379632004844263,21.978961376489792,24.060631378288956,False,False,True
0.76,0.17,0.15,10.870494433240415,45.59064416628559,23.815406920861072,0.8055831419662464,26.17902320617231,2.3458980995523446,34.932722951302715,22.136596300175068,0.7229092129794443,22.26055106349364,24.219787134832977,False,False,True
0.76,0.17,0.17,10.623548794674871,45.41406165791279,23.527145394328628,0.8070862631484774,25.81446027711439,1.958026371499959,34.67586780769652,21.738931098066068,0.7269690473464958,21.826932733619564,23.820696505366975,False,False,True
0.76,0.17,0.19,11.22417824899417,45.698613024378865,23.771462085541746,0.8046612062403837,26.288107331064033,2.507168315145892,33.890818436193015,21.740937224275715,0.7391917525807128,21.88502328877831,24.08656530992117,False,False,True
0.76,0.17,0.21,10.728528071942845,45.598864670656916,23.914176147002593,0.8055130245661674,26.210477587795562,1.2667650684204395,35.056167746059245,21.992479260024737,0.7209473932436741,22.02893183386767,24.119704710831616,False,False,True
0.76,0.19,0.11,11.006327158338912,45.708475504006266,23.867398619830265,0.804576882772621,26.282921344368557,2.5560315765724795,34.65515177363063,22.09747331224722,0.7272951778422212,22.244811174876574,24.263866259622567,False,False,True
0.76,0.19,0.13,11.006887901355404,45.81794457917662,23.747084253161905,0.8036397084346117,26.173948723869962,2.508732762818635,34.35514217750409,22.10432833487353,0.731996350815152,22.246237237140406,24.210092980505184,False,False,True
0.76,0.19,0.15,10.863030806684353,45.87894132654645,23.89491440312628,0.8031165373567836,26.24828323223645,2.125950885509603,34.82468542910548,22.156415296839054,0.7246204972547634,22.258176160090088,24.253229696163267,False,False,True
0.76,0.19,0.17,10.907759068426854,45.731879108296994,23.88839107458309,0.8043767108727431,26.2608917599359,2.0724930238711075,34.471905589150985,21.87007394187121,0.7301715178213841,21.96805320361612,24.114472481776012,False,False,True
0.76,0.19,0.19,10.761693368646165,45.39733966305175,23.891756804259416,0.8072283032343351,26.20362737016841,2.228709039292851,34.38994106966077,21.841123349454175,0.7314531451789315,21.954539693373167,24.079083531770788,False,False,True
0.76,0.19,0.21,10.637400093449182,45.42126852885496,23.7740348112668,0.807025030364219,26.045326105761056,1.5390170599247224,34.826097273197554,21.899189401862074,0.7245981682200364,21.953201815893905,23.99926396082748,False,False,True
0.76,0.21,0.11,10.865536962710621,45.506322124603884,23.687630724666704,0.8063016431550115,26.060770188852914,2.354010465097993,35.228884073932456,22.365248608453236,0.7181909213258967,22.488790776467066,24.27478048265999,False,False,True
0.76,0.21,0.13,10.882860889578895,45.508831289521915,23.688608587571636,0.8062802819683325,26.06888639656667,2.4379332059223997,34.337615678007566,21.75249842517047,0.7322697286782607,21.8886889980552,23.978787697310935,False,False,True
0.76,0.21,0.15,11.129138174952551,45.75395399775958,23.78399210960005,0.8041878096156744,26.259017445188302,2.8086064572761167,33.78748633867642,21.65251967502082,0.7407797212301171,21.833915785058274,24.046466615123286,False,False,True
0.76,0.21,0.17,10.562093967976944,45.51624220944212,23.68765854833542,0.8062171839642457,25.9357474635088,1.8219206691770402,35.03050445201995,21.932127149178026,0.7213558114058163,22.007671303717856,23.97170938361333,False,False,True
0.76,0.21,0.19,10.689439176311602,45.408191063426244,23.43867092470844,0.8071361351519623,25.761121959667012,1.5677921410617963,34.3105483520886,21.730132267732706,0.7326916500128036,21.786615629113516,23.773868794390264,False,False,True
0.76,0.21,0.21,10.790880739896693,45.65608315803566,23.64223052019417,0.8050246250141198,25.988423790462438,1.6290227346392163,35.044898673812675,21.76396707198589,0.7211267715813637,21.824847714943107,23.906635752702773,False,False,True
0.78,0.09,0.11,8.953735073164719,44.34159261055205,23.121934384291738,0.8160901296459954,24.795024126463613,1.1869456025684302,33.592688099647845,21.46489239180497,0.7437601199256316,21.497684648706322,23.146354387584967,False,False,True
0.78,0.09,0.13,8.51040938117339,43.963051273876765,22.85991743085513,0.8192167800007195,24.39268113145167,0.03002182963403204,33.992013646844306,21.53162873338684,0.7376319231196673,21.53164966329018,22.962165397370924,False,False,True
0.78,0.09,0.15,8.752667198679209,43.96201781347335,22.887030522957996,0.8192252794154815,24.503578294805145,0.4810870153894452,34.33291590022646,21.859941608166107,0.7323430119651728,21.865234776439245,23.184406535622195,False,False,True
0.78,0.09,0.17,8.689698650449417,44.310838824277575,23.03782373944174,0.8163451481573926,24.62218888086938,-0.2028733833921676,34.128077155506716,21.474379252702224,0.7355273011906137,21.47533752700005,23.048763203934715,False,False,True
0.78,0.09,0.19,8.592886838620588,44.240797927774835,23.13940969850701,0.8169252854079185,24.683394932964536,-0.022053888403631025,34.208532611501894,21.869176284599206,0.7342788656117017,21.8691874046767,23.27629116882062,False,False,True
0.78,0.09,0.21,9.10149240135743,44.30647053024076,23.10242072339042,0.8163813568535452,24.830606259463462,-0.03776512923081482,34.2684637328015,21.348521722471897,0.7333469977956126,21.348555125343736,23.0895806924036,False,False,True
0.78,0.11,0.11,8.959647720790691,44.12946461184267,23.032222133571555,0.8178455522039061,24.713529567644787,0.6657634393143045,34.413557278631444,21.600808250660524,0.7310841863468394,21.611065638670652,23.162297603157718,False,False,True
0.78,0.11,0.13,8.957294055471596,44.18613878394367,23.060534533871202,0.8173773805790164,24.73906566109668,0.28603098957483253,34.21239206797973,21.584710193372082,0.7342189041385528,21.58660528797564,23.16283547453616,False,False,True
0.78,0.11,0.15,8.724269205666047,44.52654809531719,23.116259165305493,0.8145526981573591,24.70777834955023,0.05263765580430092,34.39137594756353,21.788061220904346,0.731430735138402,21.788124804321377,23.247951576935804,False,False,True
0.78,0.11,0.17,8.884624280717691,44.30855394744831,23.121685930189784,0.8163640878979919,24.769919435958094,0.4498427656811546,33.62810601379483,21.392015575075497,0.743219510234537,21.39674481967078,23.083332127814437,False,False,True
0.78,0.11,0.19,8.880886425638298,44.20969238985238,23.034701874069917,0.8171826331866647,24.687398286015615,-0.4646599913728105,35.14716189236516,21.78034545814719,0.7194968577087436,21.78530140217976,23.23634984409769,False,False,True
0.78,0.11,0.21,8.460342715608878,44.65052483830685,23.268454178283903,0.8135185663426427,24.7588036607679,-0.03216029479026824,34.314588174984586,21.840469073168062,0.7326286989952051,21.84049275132252,23.299648206045212,False,False,True
0.78,0.13,0.11,8.835089810081687,44.353549694589425,23.096075511546715,0.8159909305808035,24.72827361518141,-0.25840590605071295,35.18891280974296,21.97934418560215,0.718830048855565,21.9808631414111,23.354568378296257,False,False,True
0.78,0.13,0.13,8.735855068142076,44.14184026590562,22.96471856881379,0.817743371198691,24.570174250835187,0.01982282237110636,34.5150699889991,21.791691319375833,0.7294953569738805,21.791700335293864,23.180937293064524,False,False,True
0.78,0.13,0.15,8.535599692716001,44.20918559235625,23.07622645809228,0.8171868246138241,24.60424129412349,0.08327427662895953,33.841203387903626,21.440752860810232,0.739954823082307,21.440914575723916,23.022577934923703,False,False,True
0.78,0.13,0.17,8.601576623010262,44.23042872941503,22.985534098857883,0.8170110937862517,24.542247211925705,0.2994577941444094,34.526663319780404,21.91375599914466,0.7293136058435905,21.91580199218186,23.229024602053784,False,False,True
0.78,0.13,0.19,8.6174594864231,44.32356464086191,22.963289134051095,0.8162396437873325,24.526990354590442,-0.7577740884004944,34.96704682179283,21.48170864515165,0.7223644228792493,21.495069850647944,23.011030102619195,False,False,True
0.78,0.13,0.21,8.841231598484553,44.301545085839955,23.144228966843915,0.8164221794754676,24.77544572046563,0.2085642523283757,34.63837765355776,21.91043615596902,0.7275591083765702,21.911428789381667,23.34343725492365,False,False,True
0.78,0.15,0.11,8.83442025947269,44.539024323092086,23.165570150337704,0.8144487598544324,24.792955082264776,0.26431087600334363,34.59002904214336,21.910659384425195,0.728319129300719,21.91225353311415,23.35260430768946,False,False,True
0.78,0.15,0.13,8.63357950987077,44.4604821406229,23.06672926818786,0.815102602173678,24.629508608275863,0.15650990828862046,34.44571007752597,21.845879238742775,0.7305814521949172,21.846439871638697,23.237974239957282,False,False,True
0.78,0.15,0.15,8.229502515335623,43.63317673412985,22.929171407799316,0.8219195971496271,24.361272813589956,-0.21734978984134873,33.92759903340632,21.43756652266168,0.7386253520714435,21.43866832022663,22.899970566908294,False,False,True
0.78,0.15,0.17,8.640228240724394,44.47326115839958,23.07548112834459,0.8149962989316141,24.640035985290254,-0.5993556263326711,34.87263922545778,21.747070801733862,0.723861576710222,21.75532844207235,23.197682213681304,False,False,True
0.78,0.15,0.19,8.385150311299508,44.19411979594839,23.01608300300056,0.8173114031033684,24.49593481670168,-0.4114989406283514,33.93745775624762,21.174830006015362,0.7384734288777686,21.178828040328078,22.83738142851488,False,False,True
0.78,0.15,0.21,8.434046784714388,44.00279415364917,22.99679124049229,0.8188897738834321,24.494602518218866,-0.7719609476560229,34.92323712065774,21.718215251999148,0.7230596781700532,21.731930366096666,23.113266442157766,False,False,True
0.78,0.17,0.11,8.537830045778232,44.14187159161519,22.902873873414997,0.8177431125180283,24.442507513595018,0.41169246895984696,33.80757553410129,21.55704348667447,0.7404713777849272,21.560974341976582,23.0017409277858,False,False,True
0.78,0.17,0.13,8.675103646218304,44.408586736143555,23.04329296741376,0.815533984148499,24.622160223154477,0.21291816362237267,33.71670480639067,21.145791138953058,0.7418646666854308,21.14686305428363,22.884511638719054,False,False,True
0.78,0.17,0.15,8.216273159891866,44.02823065585025,22.918123156664986,0.8186803261756989,24.346406586229996,-1.0151074279295635,34.53193275514257,21.694976826555962,0.7292309755998517,21.7187122683422,23.032559427286095,False,False,True
0.78,0.17,0.17,8.535803508663657,44.259323420394416,22.986304376302684,0.81677193105965,24.519994502824563,0.24088578385961096,34.27743611750306,21.312721000987803,0.733207345983515,21.31408225626457,22.917038379544564,False,False,True
0.78,0.17,0.19,8.32507851131172,44.071682653550354,23.129102764326028,0.8183222563770203,24.58174784066947,-0.601090457289239,34.4940850456971,21.62979407745015,0.7298241871893889,21.6381445963082,23.109946218488837,False,False,True
0.78,0.17,0.21,8.199402936537037,43.92722269806632,23.061958323409122,0.8195113257954634,24.476195174625314,-1.7941135482331911,34.17434215132331,21.445089447285827,0.7348097616780692,21.52000708238833,22.99810112850682,False,False,True
0.78,0.19,0.11,8.449182710367738,44.1492912153218,22.886357316790118,0.8176818377635312,24.3961890406057,0.07669446267887405,33.94474814281375,21.572288132302138,0.7383610554287041,21.572424465128375,22.984306752867038,False,False,True
0.78,0.19,0.13,8.670082287516706,44.32540481431702,23.00666114817758,0.8162243851793293,24.586109575517934,0.00685613817967267,34.303454003864005,21.574558653588618,0.7328021805961573,21.57455974298818,23.080334659253054,False,False,True
0.78,0.19,0.15,8.198292399092827,43.902406897813925,22.89800158048206,0.8197151950801406,24.32139952060288,-0.7379309163647029,34.68691303955129,21.871296742311976,0.7267950836849048,21.8837419841213,23.10257075236209,False,False,True
0.78,0.19,0.17,8.53544951273444,44.07805004818827,23.075781899806792,0.8182697556605476,24.60377224475729,-0.5161479525009304,34.41636063577818,21.395034816691176,0.731040372348345,21.401259858155512,23.002516051456404,False,False,True
0.78,0.19,0.19,8.342420544139616,43.88286861914113,22.815784172366996,0.8198756268738918,24.293126351610553,-0.39011052948497893,34.14958890382372,21.471096878510025,0.7351937891002893,21.47464056489836,22.883883458254456,False,False,True
0.78,0.19,0.21,7.982715686475249,43.81818669361902,22.69322986425558,0.820406230510769,24.056317910333647,-0.9687548764095468,34.172225572536505,21.607104336063713,0.7348426096345012,21.628810503587815,22.84256420696073,False,False,True
0.78,0.21,0.11,8.092294557590915,44.393811673372525,22.9645891672749,0.815656710124135,24.34866704418407,-0.6027761741693476,33.708467283141424,21.145570012855472,0.7419907843511878,21.154159644966253,22.751413344575163,False,False,True
0.78,0.21,0.13,8.345880665374663,44.672542013946256,23.365347589024164,0.8133346129948642,24.81115055850075,-0.3074299450655906,34.92304638342968,22.160175376097815,0.7230627032438682,22.162307774023333,23.48672916626204,False,False,True
0.78,0.21,0.15,8.173774860513568,44.02719949755616,22.857008872137268,0.8186888192308734,24.274543251137093,-0.6074028265613033,35.20164133154034,21.763469229084308,0.7186266026651972,21.771943667918446,23.02324345952777,False,False,True
0.78,0.21,0.17,8.477391819875765,44.6204352305063,23.168266244392036,0.8137698181506341,24.670523562314845,-0.9096677119691046,34.81582402211308,21.78219864344897,0.724760624256689,21.801185130374662,23.23585434634475,False,False,True
0.78,0.21,0.19,8.14161486511223,44.153947570366384,23.177130602067113,0.81764337812628,24.565530231547868,-0.9017912129948716,34.653877615804376,21.71303936868175,0.7273152304218794,21.731758005687396,23.148644118617632,False,False,True
0.78,0.21,0.21,7.9845986664825075,43.687594904776006,22.83573045717602,0.8214751256011125,24.191411727668783,-0.9684858220973289,34.629409750924815,21.416040855840077,0.7277001604279991,21.43792832170625,22.814670024687516,False,False,True
0.8,0.09,0.11,6.344966501623278,42.565168819748386,22.348666800854556,0.8305306422613337,23.23190710385913,-2.4730866840010326,34.11263890073708,21.276765845954017,0.7357665220168174,21.42001219911274,22.325959651485935,False,False,True
0.8,0.09,0.13,6.44557423421739,43.01355872200613,22.377071703434726,0.8269413889345658,23.286879679971427,-2.26018670201077,34.6040276051407,21.44710961393669,0.7280991866494094,21.56587477289437,22.426377226432898,False,False,True
0.8,0.09,0.15,6.572820857320264,42.60960621931178,22.463404510254232,0.8301766106067168,23.4052668477361,-2.1285063309259016,35.28276587149441,21.613974656997062,0.7173282206066509,21.718527566897876,22.56189720731699,False,False,True
0.8,0.09,0.17,6.440580060682639,43.127173420418124,22.599735193557592,0.826025958089317,23.4995553646657,-2.452238055885979,34.70245891618571,21.475838986662243,0.7265501404885465,21.615391082832097,22.5574732237489,False,False,True
0.8,0.09,0.19,6.341251794497755,42.68225513772271,22.472860590948134,0.8295970228425604,23.350394803116515,-2.510090827015317,34.81408621314534,21.64624039390474,0.7247881003559355,21.7912890658304,22.570841934473457,False,False,True
0.8,0.09,0.21,6.345628295248475,43.21115747276164,22.652448455715383,0.8253477188099448,23.524464276584503,-2.4943661484554616,34.75395089723787,21.822454936156262,0.725738041183482,21.96454875300495,22.74450651479473,False,False,True
0.8,0.11,0.11,6.234678470172667,42.70026759514869,22.470296173886958,0.8294531680242319,23.319207228562327,-2.2598469090231306,34.62367246249215,21.654463137063445,0.72779038046442,21.772061955787766,22.54563459217505,False,False,True
0.8,0.11,0.13,6.291584158236755,42.83572470287399,22.506331853046028,0.8283694079203133,23.36918921784857,-2.0838672723100253,34.55085139529425,21.690030236873255,0.7289342076778141,21.789903957683727,22.57954658776615,False,False,True
0.8,0.11,0.15,6.562917937460244,42.67518986616887,22.615001280440442,0.8296534324047005,23.54803972240917,-1.978603718830551,34.59558181574886,21.746276085542313,0.7282318958697638,21.8361030466702,22.692071384539688,False,False,True
0.8,0.11,0.17,6.504421370429774,43.05219787701701,22.54615547712332,0.8266303315797667,23.46564774649789,-2.2249023901743827,34.12370571800656,21.49794289512675,0.7355950490349746,21.612767970991925,22.53920785874491,False,False,True
0.8,0.11,0.19,6.22733544178831,42.82774384917028,22.471218128989097,0.8284333559942177,23.318133521042398,-2.4570492552123273,35.08722766218638,21.899772888380443,0.7204526905551913,22.03717639819545,22.677654959618923,False,False,True
0.8,0.11,0.21,6.047628521744805,42.97441745734454,22.544193777793822,0.8272562036643825,23.341261401812435,-3.036484756560637,35.05707630312106,21.811860527452616,0.7209329285421253,22.022204688583535,22.681733045197987,False,False,True
0.8,0.13,0.11,6.325021947823581,42.654519877622825,22.36291335128036,0.829818409239637,23.2401763374834,-1.9717051856668304,34.24414429369037,21.73328583614799,0.7337253369260792,21.822541890781107,22.531359114132254,False,False,True
0.8,0.13,0.13,6.3380243104252125,42.67131026292705,22.57904617641926,0.8296844034235884,23.451735082855045,-2.405174769369151,35.351527579780175,22.077965425545095,0.716225362931344,22.208588946683996,22.83016201476952,False,False,True
0.8,0.13,0.15,5.8288140936500294,43.04433034926193,22.519196916943965,0.8266936902984818,23.261326349166588,-2.404445736426072,34.748706876745786,21.919514043745085,0.7258208016632265,22.050996694330067,22.656161521748327,False,False,True
0.8,0.13,0.17,6.038523433489015,42.168115385571944,22.138904072853315,0.8336775605000368,22.947654320295943,-2.828840227396201,33.96991242600831,21.02183733868597,0.7379729896865352,21.211317312376114,22.079485816336028,False,False,True
0.8,0.13,0.19,6.489859608993753,42.649309880097086,22.270601285533985,0.8298599800518309,23.196938577400175,-2.403670560447635,35.1090961971254,21.447836193770122,0.7201041195450663,21.58210623544325,22.38952240642171,False,False,True
0.8,0.13,0.21,6.000100725931411,43.10816395122122,22.52915405158198,0.826179291826247,23.31445883998244,-3.1856281832177156,34.667321478855136,21.548870941043333,0.7271036149811367,21.783068327383376,22.548763583682906,False,False,True
0.8,0.15,0.11,6.081248142375572,42.77767559700163,22.512815551966597,0.8288342653152312,23.319700749495382,-2.7506506749839295,34.51798937153192,21.584354696051708,0.729449594938459,21.75891648912599,22.539308619310688,False,False,True
0.8,0.15,0.13,6.112535681944598,42.56374118293035,22.376429867967218,0.8305420100836164,23.19628647217268,-2.1979496457675376,34.877170345166775,21.729928041776862,0.723789812853666,21.840804823681065,22.51854564792687,False,False,True
0.8,0.15,0.15,5.918169341332321,42.43077404800585,22.33923471734011,0.8315991139843075,23.109870966950453,-2.8480287414229397,34.6974971683482,21.6683217947322,0.7266283304667093,21.85468913327384,22.482280050112145,False,False,True
0.8,0.15,0.17,5.862817027936935,42.62512438792037,22.304912141418793,0.830052890717551,23.062561200774706,-3.017242423216354,35.09919648621466,21.801696203398222,0.7202619417591392,22.009491343184763,22.536026271979736,False,False,True
0.8,0.15,0.19,6.3435052747128085,43.29317367706052,22.69092115272415,0.8246840980218196,23.560941448283714,-2.6530330523618604,34.990311008575475,21.487651835325707,0.7219948683905344,21.650814436715784,22.60587794249975,False,False,True
0.8,0.15,0.21,5.8293883266012685,42.91719410519117,22.60240228551835,0.8277159375439498,23.34202984615349,-3.3013178608584526,35.21935213203689,21.81561338246059,0.718343399863373,22.06399072859252,22.703010287373004,False,False,True
0.8,0.17,0.11,6.121463590452671,43.007132799011785,22.544786220709945,0.8269930925496205,23.361072368937833,-2.2068788628008376,34.76673459350053,21.757855627676157,0.7255362381472248,21.8694900678977,22.615281218417767,False,False,True
0.8,0.17,0.13,5.890890503729864,42.975750859727,22.637144525387267,0.8272454837721003,23.39108597714534,-2.5311522823428794,34.69950723201652,21.62403601374662,0.7265966561142558,21.771671166913677,22.581378572029507,False,False,True
0.8,0.17,0.15,5.742476425714992,42.771009107272576,22.510203625301486,0.8288876102286031,23.23112788377759,-3.1541417562450618,35.269285682294,21.824517832151987,0.7175441753968622,22.05126274897673,22.641195316377157,False,False,True
0.8,0.17,0.17,5.7690600975688735,42.673071798578746,22.51586764608633,0.8296703413670854,23.243200086593898,-3.162452774162076,34.55480118099656,21.595950330345186,0.7288722287137614,21.826272659791037,22.534736373192466,False,False,True
0.8,0.17,0.19,5.913404458703797,42.302402664645996,22.308246016544178,0.8326165431270091,23.07869564396734,-2.6536841500725816,34.35342191768349,21.455319242306885,0.7320231895552973,21.6188057800992,22.348750712033272,False,False,True
0.8,0.17,0.21,5.724440506855448,42.9705076441974,22.612583035088445,0.827287634700901,23.325911142660587,-3.441421181832928,35.56111022361263,22.000128274959348,0.7128506552329148,22.26766767906855,22.79678941086457,False,False,True
0.8,0.19,0.11,5.842181072474773,43.09983240083656,22.687930742769044,0.8262464742765443,23.42804475563992,-2.482035640190993,35.56551490342155,21.97246039166888,0.712779516888603,22.112202888510136,22.77012382207503,False,False,True
0.8,0.19,0.13,5.816210423013097,42.92799408304053,22.48839261657416,0.8276292171414503,23.22834703895121,-3.152914382024204,35.30327710511149,21.62468604236182,0.7169994690450314,21.853327333179568,22.54083718606539,False,False,True
0.8,0.19,0.15,5.734315004338196,42.89111001908218,22.52225754763477,0.8279252945057792,23.24079287827697,-3.359061741816902,34.62609603691722,21.269417563927323,0.727752271083487,21.533030889636464,22.386911883956717,False,False,True
0.8,0.19,0.17,5.626600421223123,43.11613819073664,22.572415356176236,0.8261149784325228,23.263116027562795,-3.325391004954942,35.093998025491565,21.916026104119148,0.7203447983350412,22.166876765396317,22.714996396479556,False,False,True
0.8,0.19,0.19,5.866445505655862,42.74289234308552,22.563650614741647,0.8291125076741477,23.3138051792272,-3.4315667287516027,35.21679292552505,21.967100303125235,0.7183843314065459,22.23351402593481,22.773659602581006,False,False,True
0.8,0.19,0.21,5.553357114423008,42.843566452263296,22.66804460736874,0.828306562839833,23.338380868474392,-3.579814174236106,34.62290782595359,21.685800065869014,0.7278024034017991,21.97928556661718,22.658833217545784,False,False,True
0.8,0.21,0.11,5.640135180433033,42.453331491347576,22.418875860837993,0.8314200126938577,23.11746352256715,-2.8931636845897972,33.71655176156979,21.1302968549996,0.7418670101046004,21.327443383730625,22.222453453148887,False,False,True
0.8,0.21,0.13,5.4712823843447005,42.85623973780353,22.526988236046147,0.8282049727082305,23.18189228506168,-2.69902066149028,34.95406179760824,21.885355884441353,0.7225705847163292,22.051156766024842,22.616524525543262,False,False,True
0.8,0.21,0.15,5.553808717934545,42.739527731223504,22.55294717270647,0.8291394102734873,23.226713444874083,-3.5381182902643653,34.71241857359564,21.495757606344736,0.7263931569303704,21.78499199234718,22.505852718610633,False,False,True
0.8,0.21,0.17,5.304030722141639,42.31287680057688,22.456619780310497,0.8325336440944964,23.07449921144238,-3.7147785476852935,35.445953642759164,21.86712111337816,0.714707379970871,22.180409496794503,22.62745435411844,False,False,True
0.8,0.21,0.19,5.423289612656185,42.65671690311757,22.4062782206975,0.8298008775490282,23.053272520968637,-3.5956567703696525,34.9248840502665,21.829780436885486,0.7230335573400255,22.123925093277037,22.588598807122835,False,False,True
0.8,0.21,0.21,5.3901723880896135,43.00561241754996,22.662116111149537,0.8270053245599093,23.2943225917507,-3.451675888882111,34.42272683910189,21.678625031913302,0.7309408609527958,21.951693550070075,22.623008070910387,False,False,True
0.82,0.09,0.11,4.12113511831928,41.88574572921139,22.014694926156622,0.8358975869895249,22.39711024563639,-3.9083929183091377,34.33877954099728,21.36071560998196,0.7322515790992246,21.71533344377691,22.05622184470665,False,False,True
0.82,0.09,0.13,3.872116752545471,41.556036993135095,22.028231614438056,0.8384709229667,22.36596244753781,-4.5630729448767875,35.52762048995487,21.80492007156971,0.7133912472905068,22.27725687843569,22.321609662986752,False,False,True
0.82,0.09,0.15,4.157519537072035,42.09738022854279,22.471468777149894,0.8342350896314292,22.85283084660538,-4.466501807841826,35.33961484428569,21.941758944635524,0.7164165831041646,22.39174901574121,22.62228993117329,False,False,True
0.82,0.09,0.17,3.528860586715573,41.84127381075391,22.29539168779812,0.836245871339155,22.572933959784937,-4.957155142748528,34.751831922112814,21.620803154343893,0.7257714840892102,22.181805971294697,22.377369965539817,False,False,True
0.82,0.09,0.19,4.040004645688979,42.0235077643966,22.09955596264522,0.8348163475703074,22.46579647560434,-4.98350335964347,35.22733303978928,21.859218585466,0.7182157353892593,22.420096853108372,22.442946664356356,False,False,True
0.82,0.09,0.21,3.5901274948963264,41.99246765251884,22.28753516824904,0.8350602789178334,22.57483641813487,-5.362203900028202,35.011081657777915,21.410221963675937,0.7216647163708519,22.071493723791082,22.323165070962975,False,False,True
0.82,0.11,0.11,3.6370981019600306,41.84991676651675,22.2719796202502,0.8361782125066646,22.567001546685848,-5.052415323159288,35.52399242354728,22.067881534368926,0.7134497810442282,22.63886693305643,22.60293423987114,False,False,True
0.82,0.11,0.13,3.766970002386151,41.43191535121462,22.075623180540983,0.8394344081136,22.39471370230295,-5.081004177080204,35.663219258398726,22.146167430848244,0.7111992648638861,22.721561023016662,22.558137362659807,False,False,True
0.82,0.11,0.15,3.7145282265217974,41.79666481643631,22.193703111714452,0.8365948575087254,22.5024038217376,-5.221882856473399,35.62092057965543,22.070781903029722,0.7118839279642992,22.680111868723994,22.5912578452308,False,False,True
0.82,0.11,0.17,4.171037221331012,41.75198899932457,22.021588970153275,0.8369439933417295,22.413119646138178,-4.532118414516144,34.267890324872866,21.441226844162887,0.7333559214326697,21.91497903047246,22.16404933830532,False,False,True
0.82,0.11,0.19,3.839258437775116,41.92373307667492,21.989944939433123,0.8355997939296517,22.322580132935524,-5.5281989987664515,35.114932836813985,21.703680176305117,0.7200110503765025,22.39666755044826,22.359623841691892,False,False,True
0.82,0.11,0.21,3.712039632010209,41.8164626751865,22.090189633066537,0.8364400203644782,22.399904380475707,-6.1362466287357655,35.397992211973495,21.689688606257587,0.7154789086603889,22.540987434562204,22.470445907518958,False,False,True
0.82,0.13,0.11,3.9173857322216468,41.90658149823168,22.102449760755338,0.8357342832048085,22.446919530343745,-4.717111532612741,35.29603359634802,22.011138292229866,0.7171155889462795,22.510916243697768,22.478917887020756,False,False,True
0.82,0.13,0.13,3.941650567857881,41.95138072173742,22.309188027478513,0.8353828868481364,22.654723120013735,-4.632032305563598,34.30781519501449,21.395736286344178,0.7327342355524364,21.89139681506344,22.273059967538586,False,False,True
0.82,0.13,0.15,3.481913198148439,41.78130891763033,22.228889665682587,0.8367149040197711,22.499939006329114,-5.687603198103376,35.64452811882334,21.959067600229766,0.7115019072169222,22.683683122688354,22.591811064508732,False,False,True
0.82,0.13,0.17,3.4925470199652473,42.073648957494036,22.48694800427829,0.8344219280145484,22.756553237117952,-5.653834783687386,35.26475792779535,22.010177618005137,0.717616692235006,22.72473908623304,22.740646161675496,False,False,True
0.82,0.13,0.19,3.571784968522762,41.782023256654774,22.251163962686597,0.8367093205703149,22.536014411508702,-5.027998177401703,34.84324357972428,21.66681516729009,0.7243269183791061,22.242563817273105,22.389289114390905,False,False,True
0.82,0.13,0.21,3.584247136834604,41.74602114984928,22.09359006884678,0.836990603056964,22.382438420961915,-5.358462683444113,35.338104980943044,21.918161968201478,0.7164408144412032,22.563664294484102,22.47305135772301,False,False,True
0.82,0.15,0.11,3.6407285105592657,42.12772344528885,22.21585217372084,0.8339960413440015,22.512196514161296,-4.715849759582203,35.13617641076464,21.71950184086408,0.7196721765895182,22.225570840143785,22.36888367715254,False,False,True
0.82,0.15,0.13,3.642872707470783,41.609182272153554,22.01165034935639,0.8380575054332902,22.3110571839426,-4.559465706601977,35.07732396321108,21.90197312087522,0.7206104779816482,22.371525520563413,22.34129135225301,False,False,True
0.82,0.15,0.15,3.458154705350016,41.613594144496325,22.089128518018704,0.8380231616922251,22.35818491406853,-4.811055800331086,34.73456656442471,21.677221409190977,0.7260439000754559,22.20468837738974,22.281436645729137,False,False,True
0.82,0.15,0.17,3.2440970791270582,41.43057337498555,22.121405422570305,0.8394448093569933,22.358012964673843,-5.038809861062686,34.67644852134193,21.434080997147927,0.7269599024202122,22.01838851978592,22.18820074222988,False,False,True
0.82,0.15,0.19,3.5706390276871773,41.79090678255151,22.049266333312012,0.836639876772414,22.33650843134104,-5.356844382995137,35.511695750968215,21.954947297497863,0.7136481261134596,22.599015301104057,22.46776186622255,False,False,True
0.82,0.15,0.21,3.6466167495067072,41.78513565900051,22.005573547059143,0.8366849921542483,22.30567373680544,-5.918625048995318,34.71096901338702,21.810266531462688,0.7264160076176911,22.599067428635994,22.452370582720718,False,False,True
0.82,0.17,0.11,3.4169984989237006,42.059681540051685,22.3113241617212,0.8345318454678027,22.571465716498142,-5.724404775775302,35.08967114377503,21.77635136215294,0.7204137537377897,22.516178376555363,22.543822046526753,False,False,True
0.82,0.17,0.13,3.4662951158549893,41.55423580812691,22.062626025437623,0.838484925141485,22.333263733017567,-5.377531304478116,35.909231934204804,21.82788549525367,0.7072011010619573,22.480534427022587,22.406899080020075,False,False,True
0.82,0.17,0.15,3.4842848654218925,41.69547067183159,22.193700371401885,0.83738514192114,22.465541996554908,-5.430924490019876,35.37809886963076,21.991592711489407,0.7157986152123866,22.652264584458916,22.558903290506912,False,False,True
0.82,0.17,0.17,3.3114396184153625,41.572769608803874,21.948430124670292,0.8383408168109902,22.196828991636288,-5.492459899934668,35.54148765743284,21.9610937542903,0.7131674649389104,22.637507694910205,22.417168343273246,False,False,True
0.82,0.17,0.19,3.3832568602232937,41.45790033567704,22.06763088166943,0.8392329401027451,22.32547333679307,-5.6897323191296385,35.24897852394526,21.790814049635614,0.7178693435288637,22.521381636328293,22.423427486560684,False,False,True
0.82,0.17,0.21,3.162536819671733,41.66233399653774,22.282759253827535,0.8376435092907164,22.506065829011877,-6.337268872553656,35.93817870296975,22.25958273425368,0.7067288549186359,23.14411372824896,22.82508977863042,False,False,True
0.82,0.19,0.11,3.0587110891894147,41.743105549373915,22.145794983126184,0.8370133718701517,22.35602712831122,-5.095157134884937,34.97427632201541,21.76040355212189,0.7222496076951435,22.348954986315754,22.352491057313486,False,False,True
0.82,0.19,0.13,3.4375662296468037,41.74409564721926,22.137007706916574,0.8370056400724815,22.40232067887816,-5.568264307245961,34.99270463861608,21.690155983214844,0.7219568313353519,22.393490883994392,22.397905781436275,False,False,True
0.82,0.19,0.15,3.3516495071850816,41.70096689889273,22.259425488676413,0.8373422678594433,22.510343789132833,-5.547906923888711,35.063491520523606,21.931038240234805,0.7208307842718928,22.62188563163499,22.56611471038391,False,False,True
0.82,0.19,0.17,3.3758455383659673,41.63209407297952,22.112563550833,0.8378791113611546,22.368768403480185,-5.888714122592247,36.0807510350461,22.201362717056835,0.7043973350342267,22.969054410487573,22.66891140698388,False,False,True
0.82,0.19,0.19,3.2968668505093826,41.59690134485797,22.065796519148254,0.8381530858026245,22.310730760206912,-5.2640216563883335,35.36482099175395,21.916910826217016,0.7160119044088282,22.54020639131936,22.425468575763134,False,False,True
0.82,0.19,0.21,3.26599042475098,41.939404363194086,22.37305356864304,0.8354768638338697,22.61017955346521,-5.951662091864164,35.42301093749143,21.946213346048022,0.7150765767645864,22.738921739739315,22.674550646602263,False,False,True
0.82,0.21,0.11,3.2598415929308544,41.55916882866223,22.015938034134855,0.8384465750451258,22.25596762070496,-5.461819415196685,35.61863015790204,21.932777024516263,0.7119209784443072,22.602614435754283,22.42929102822962,False,False,True
0.82,0.21,0.13,2.974377016616821,41.69981656092935,22.19978969502835,0.8373512416937432,22.398160217760417,-5.141744758558593,35.13592908760326,21.900384146740514,0.7196761230245934,22.49587439814172,22.447017307951068,False,False,True
0.82,0.21,0.15,2.995752075981217,41.95178501194276,22.34366747227636,0.8353797139653363,22.543602343290353,-5.544171968374716,34.725195884436374,21.76057900100592,0.7261916957104109,22.455748512884885,22.49967542808762,False,False,True
0.82,0.21,0.17,3.091976308722637,41.84980021587377,22.332904709256994,0.8361791249819837,22.5459297933453,-5.597714329252437,36.001036417488066,21.97914182157711,0.7057020652540354,22.680764557768285,22.613347175556793,False,False,True
0.82,0.21,0.19,3.050576019128576,41.98917729745853,22.303554720804293,0.8350861258858249,22.511209812722054,-5.84058921133612,35.13265653580837,21.915743904385636,0.7197283391867131,22.68065945289493,22.595934632808493,False,False,True
0.82,0.21,0.21,2.7375985761878527,41.54796178923575,22.380421599892514,0.8385336937982305,22.54723302210897,-6.797100931186641,35.70277088029448,22.11472638176953,0.7105583316171378,23.13572354626653,22.84147828418775,False,False,True
